,0
0,00003e153
1,0001124c7
2,000155de5
3,000194a2d
4,0001b1832
5,00021ddc3
6,0002756f7
7,0002d0f32
8,000303d4d
9,00031f145
10,00052ed46
11,000532683
12,00053c6ba
13,00057a50d
14,000592296
15,0005d01c8
16,0005d6d95
17,0006c52e8
18,0007b8229
19,000805313
20,000811bb6
21,0008d6216
22,000913daf
23,000952d51
24,000969125
25,0009a46e1
26,000a4d4fd
27,000aed819
28,000baef0c
29,000bd9ac4
30,000c150b0
31,000c34352
32,000d26c17
33,000d42241
34,000db3e62
35,000e37fc6
36,000e6378b
37,000e64855
38,000f1f959
39,000f7e728
40,000f7f2fd
41,000fd9827
42,00104f16f
43,0010e88ce
44,0010eefb1
45,00113a75c
46,00119e4ba
47,0011a9ccb
48,0011c31b7
49,00122061c
50,001234638
51,0012669a8
52,0012a8fa1
53,0012b8981
54,0012be3bb
55,0013b2222
56,00140e597
57,0014b1235
58,001566f7c
59,0015a4f8b
60,00160335a
61,00167446e
62,0016a2ab9
63,0016ae695
64,0016bc1a8
65,0016c1d02
66,001739657
67,001768e84
68,0017c19d6
69,001883b1b
70,00189cc36
71,0018e5d6c
72,0018f7728
73,0019444bc
74,001948368
75,00196e715
76,0019880c1
77,0019fc4d8
78,001a7cba8
79,001ac9fa5
80,001ae1b37
81,001aee007
82,001b9e692
83,001bcf222
84,001bfb70a
85,001c73c42
86,001db1e48
87,001db5968
88,001dd855d
89,001e3f475
90,001e418bc
91,001ea610a
92,001eb2794
93,001ed8b9b
94,001eda01f
95,001f04ca3
96,001f3caca
97,002077cf3
98,00207e662
99,002155dd1
100,00220176b
101,002237256
102,0022cade7
103,0022f64e5
104,0023b2b72
105,0023b39c3
106,00240e745
107,0024786e1
108,002490fe4
109,00249d8ad
110,0024c3726
111,00269a792
112,0026f7ea5
113,0027854cc
114,002868a5c
115,00286e8b9
116,00293fb9e
117,002943412
118,0029673da
119,0029a4e84
120,002a4ab34
121,002aa3894
122,002aae251
123,002abd5df
124,002abf883
125,002ac662a
126,002adc40c
127,002aef0e2
128,002b7f742
129,002b96007
130,002bd6bc7
131,002c13bb6
132,002c62c03
133,002c78530
134,002c872c1
135,002d107b5
136,002d56570
137,002deeb16
138,002e42551
139,002e4ecce
140,002e85393
141,002e8a977
142,002eba124
143,002fdcf51
144,002febce2
145,003080f2f
146,0030e7fe8
147,00319c32d
148,0032158a0
149,003385133
150,003490d93
151,003520305
152,0036c3aa8
153,0036df7bb
154,003711b66
155,00371aa92
156,003726244
157,00374ccfa
158,003794048
159,0037dda6b
160,00383c855
161,003850cde
162,003857112
163,00387da9b
164,0038cbe45
165,0038fa4c9
166,00390d79a
167,00391726f
168,00397761d
169,0039b40ac
170,0039c67c1
171,003a13db8
172,003a7bb0b
173,003aef141
174,003b34b6e
175,003b48a9e
176,003b507f1
177,003b50a15
178,003b620f9
179,003b74542
180,003c09c8d
181,003c1c842
182,003c27119
183,003d0a956
184,003d43308
185,003dbe2cf
186,003dd3638
187,003e2c95d
188,003e91970
189,003e929b2
190,003eb5cb6
191,003efbe7e
192,003f4c640
193,003fc760d
194,003fcef7b
195,00400ca9c
196,00406d1b3
197,0040cf4e9
198,004141855
199,0041c497c
200,0041d7084
201,004277cde
202,0042da6d5
203,004304a89
204,004331bef
205,0043b9c24
206,0043fe542
207,004514d4e
208,00458f435
209,0045a0833
210,0045fbd7c
211,00461addf
212,00466744e
213,0046d5d83
214,00477d9dd
215,0047c6676
216,0047f29d0
217,0048e49d5
218,00492b322
219,00497c23d
220,004a73a8c
221,004bc7ae6
222,004d40dc6
223,004d4a312
224,004d731e0
225,004d7c73a
226,004db8c97
227,004e68ede
228,004e94ecb
229,004f253c6
230,004f448dd
231,004f97cfb
232,00502e612
233,005084f1b
234,00512250a
235,00514059c
236,00516532d
237,0052e3bdc
238,0052f82c6
239,00552a73d
240,00552d24a
241,00558fb2a
242,0055ffe5d
243,00562a5e4
244,00564274f
245,0056b2282
246,0056cff59
247,0056d301c
248,0056fbc62
249,005742712
250,00578738f
251,0057b03e2
252,0057d1789
253,005818de8
254,005883874
255,005883911
256,0058896c8
257,00592a761
258,0059c618d
259,0059f4395
260,005a65e0d
261,005a7670a
262,005a782bb
263,005b128fd
264,005b86bd0
265,005bc2261
266,005c6a4b7
267,005c8e121
268,005d6a820
269,005d6d2f2
270,005ea8d65
271,005f02549
272,005f161e5
273,005f64ff5
274,005faf88a
275,00608f068
276,0060ef048
277,0060f6de0
278,00610229c
279,006188aec
280,0061c2491
281,00624b4d1
282,00624c7d6
283,0062ad143
284,0062ae3db
285,0062c4254
286,0062e4cf1
287,006316220
288,0063175dd
289,00640a1af
290,0064320fe
291,006481d12
292,0064956d4
293,0064bcd76
294,00657edc0
295,0065ad081
296,0066fa9a8
297,00677958d
298,0067a8e04
299,0068ace36
300,0068b3804
301,006946ba9
302,0069e6715
303,006a5835a
304,006abf2b8
305,006afd8f9
306,006b3a206
307,006b699d5
308,006bd5648
309,006c24464
310,006ca5685
311,006d6bc79
312,006da0c7b
313,006de72bb
314,006f392d7
315,006f99d58
316,00706447d
317,0070fe317
318,00711596a
319,00717ce00
320,00731c2cc
321,007387e08
322,0073eaf0c
323,0073fda18
324,007458ed0
325,0074d6c72
326,007534159
327,00761707d
328,007638694
329,00767775f
330,00767e7c2
331,0076e2074
332,00772037b
333,0077380fe
334,007779200
335,0078344d7
336,007886537
337,007947521
338,007971405
339,0079987ec
340,0079bd312
341,0079f46f5
342,007abacf8
343,007afac42
344,007b25c03
345,007b39d27
346,007bcd840
347,007be06e8
348,007ce0003
349,007ce759d
350,007deeeae
351,007ecf483
352,007f4bcc6
353,00800bc58
354,008028110
355,00804c4d8
356,00806aaa8
357,00808d376
358,0080bd6a5
359,008127d89
360,008129422
361,00815c663
362,0081d56d4
363,0082a47b4
364,0082b1331
365,0083414e4
366,00837bf48
367,008401010
368,0085c5104
369,0085e527a
370,008605bcf
371,00862fc1d
372,0086bf67c
373,0086f828b
374,008750c98
375,00875a44f
376,008775d3e
377,0087ae1e7
378,0087cfecb
379,00885c45f
380,008863fe8
381,00887bc15
382,00895a91b
383,00898bc3a
384,0089afe3f
385,0089c7bf1
386,0089fe989
387,008a1bdb4
388,008aa8cda
389,008aafbd4
390,008b86d16
391,008b94a8a
392,008bc8983
393,008be7e31
394,008be8252
395,008c71d89
396,008c8a442
397,008cd37c7
398,008ceaeb0
399,008d0ff07
400,008d15664
401,008d2170e
402,008da962d
403,008dbba6c
404,008e155f6
405,008e764da
406,008fd2b42
407,009105bc2
408,00918be6f
409,0091de0c1
410,0092a3597
411,0092b764b
412,009315aad
413,009363023
414,0093754d4
415,009385621
416,0093a4735
417,0093b5ad2
418,009412a5b
419,009412ee5
420,009432a16
421,00944a000
422,00949c7e5
423,0095be2f4
424,009751652
425,00975abe1
426,0097ba701
427,0097bfba4
428,0097d1602
429,0098456ff
430,0098652ab
431,00990fe74
432,009a350fd
433,009a622f1
434,009a7f5e8
435,009a88723
436,009abe676
437,009bdad7b
438,009c1116c
439,009c23adc
440,009cdaffc
441,009d02050
442,009d02498
443,009d82942
444,009d9b565
445,009db82af
446,009e09a64
447,009e22bfb
448,009e2d63e
449,009eb0e0c
450,009ecdcd1
451,009f13556
452,009f3f058
453,009fb265e
454,009fcd170
455,009ff1a8e
456,00a0969df
457,00a177625
458,00a1aab5b
459,00a22caa9
460,00a2a6f9e
461,00a2dd872
462,00a355197
463,00a3780b5
464,00a3e57fe
465,00a4400d3
466,00a4ba88b
467,00a4bf025
468,00a5195bb
469,00a52cd2a
470,00a544bfd
471,00a57d4f6
472,00a5a195b
473,00a5ebe44
474,00a5f7e44
475,00a645e13
476,00a694b3e
477,00a6d0513
478,00a6fef47
479,00a74a7fe
480,00a768806
481,00a7c6bed
482,00a802020
483,00a8afb91
484,00a8c3d3f
485,00a9adaa4
486,00a9b7ec4
487,00a9be085
488,00a9e2ec9
489,00aa60389
490,00aa6b360
491,00aa8b3ed
492,00aa8bc42
493,00aa97862
494,00ab42add
495,00ab5f960
496,00ab68758
497,00abc623a
498,00abee27d
499,00acaac4f
500,00ad1b99d
501,00ae308a0
502,00ae86931
503,00af75a14
504,00af95e86
505,00afeee04
506,00afef099
507,00b068427
508,00b08514a
509,00b0fa633
510,00b101ed7
511,00b107acf
512,00b111ae4
513,00b12b824
514,00b1bf1a2
515,00b21150c
516,00b23ba7b
517,00b26721d
518,00b281ca9
519,00b2a7cbd
520,00b3251e8
521,00b32bc04
522,00b3e6991
523,00b47a21b
524,00b499808
525,00b4e0964
526,00b50648d
527,00b547054
528,00b57297d
529,00b575504
530,00b590f9c
531,00b6a23c2
532,00b6a447c
533,00b71d048
534,00b75f639
535,00b846e38
536,00b860464
537,00b8679e1
538,00b872d8e
539,00b8b6f4a
540,00b942b4d
541,00b9add0a
542,00b9c1695
543,00b9c4491
544,00ba1e4dd
545,00bb65eba
546,00bc02187
547,00bc32969
548,00bc5dcb4
549,00bc708e0
550,00bc80575
551,00bc9b822
552,00bd1820a
553,00bd8945d
554,00bda63d1
555,00bdb4df7
556,00be4edfb
557,00be74b9b
558,00beafd62
559,00bf5cdfc
560,00bf86cc5
561,00bfb0282
562,00bfb6baf
563,00c0cc33f
564,00c0f5958
565,00c11862d
566,00c122ce1
567,00c15630e
568,00c1ea1a8
569,00c206813
570,00c28b072
571,00c2c8539
572,00c3aee3d
573,00c3b7275
574,00c3bafa8
575,00c3e1386
576,00c47151c
577,00c498ef4
578,00c4a90d2
579,00c4b4f62
580,00c4be6fa
581,00c4d7198
582,00c5152fc
583,00c52886d
584,00c54cf6e
585,00c571edd
586,00c578cdd
587,00c5d05ab
588,00c5e4817
589,00c643d30
590,00c64e396
591,00c6914ce
592,00c6ad714
593,00c6e7244
594,00c724ba6
595,00c74d4fb
596,00c81c432
597,00c885f4f
598,00c907d29
599,00c97988a
600,00c996565
601,00c9a7ed3
602,00cad4541
603,00cad69fb
604,00cafda46
605,00cb63085
606,00cb64f0b
607,00cbaedeb
608,00cc6e1ac
609,00cc874bd
610,00ccafdf1
611,00ccc3a09
612,00cd53ea8
613,00ce2c1c0
614,00ce58589
615,00cfe6c74
616,00d0a646b
617,00d0cd3bd
618,00d12d3bb
619,00d13d6fc
620,00d1dc65b
621,00d206d06
622,00d25ceea
623,00d33f521
624,00d35510d
625,00d38a622
626,00d412548
627,00d435eae
628,00d58aa07
629,00d6233bc
630,00d69676f
631,00d779140
632,00d83c58e
633,00d85d54f
634,00d89dfdc
635,00d8c745b
636,00d9bb194
637,00da207ef
638,00da31dcb
639,00db890ad
640,00dbe507d
641,00dc0b515
642,00dc72cbc
643,00dc8f0db
644,00dd07ddc
645,00dd14958
646,00dd2a895
647,00dd81ff6
648,00dda2177
649,00ddb1020
650,00ddbdbaf
651,00dea4e84
652,00df647a8
653,00dfa2e78
654,00dffdc42
655,00e027839
656,00e036ef4
657,00e05ac7b
658,00e0b6dc0
659,00e0bae17
660,00e0d2251
661,00e20e92c
662,00e29b68e
663,00e351c6f
664,00e36ca6b
665,00e3a7230
666,00e44fa55
667,00e4b52b2
668,00e56cc3c
669,00e58cfc2
670,00e5dcfec
671,00e603959
672,00e68a451
673,00e7b68d6
674,00e7ee62a
675,00e82d97d
676,00e86b59c
677,00e886df9
678,00e890990
679,00e933e1f
680,00e9ce8b0
681,00ea16fd7
682,00ea2759e
683,00ea572a2
684,00ead99e2
685,00eb42663
686,00ebaeafe
687,00ebbf232
688,00ec0c6aa
689,00ec1da9d
690,00ec746bb
691,00ecb6855
692,00ece0a62
693,00ed2bfdb
694,00ed5f01b
695,00eda2ebe
696,00ee04562
697,00ee21090
698,00ef1bc5c
699,00ef28664
700,00efe6d6c
701,00f0068db
702,00f035e8f
703,00f0fb36a
704,00f103c9b
705,00f13daf2
706,00f18fac6
707,00f19e6bc
708,00f1ada8e
709,00f1c4f01
710,00f24b45c
711,00f283a9b
712,00f28b9db
713,00f2effbb
714,00f31a8aa
715,00f34434e
716,00f3473ab
717,00f3a34d7
718,00f3af8f9
719,00f3b3424
720,00f400aaf
721,00f4494b4
722,00f4cfc00
723,00f52a42b
724,00f65e651
725,00f6e4f76
726,00f708175
727,00f7eb6a6
728,00f86959f
729,00f8913dd
730,00f89a059
731,00f95db30
732,00f970313
733,00f9c9a23
734,00fa27dcf
735,00faeedcd
736,00fafce7f
737,00fb1dc8d
738,00fb4ec4c
739,00fba1ce7
740,00fc51232
741,00fc62a1b
742,00fcae382
743,00fcdb15c
744,00fd837c6
745,00fd8e126
746,00febb0e8
747,00fed32a5
748,00fef1178
749,00ff06a1f
750,00ff19c7b
751,00ff5bd0b
752,00ffb2f7b
753,00ffc77a2
754,01000f132
755,0100a9375
756,0100e8d86
757,010121351
758,01015b885
759,01027d1d7
760,0102fbbf9
761,01031cea7
762,01034d8b2
763,010396a0e
764,0103b4a88
765,0103e6841
766,0104b9b90
767,0104e3167
768,0104e9f46
769,0104ed53e
770,0105ced9b
771,0105cf277
772,0105f1088
773,010617112
774,010653dab
775,0106d2433
776,0106d8593
777,0106f90ae
778,0107be4c9
779,0107fc273
780,01081e803
781,01085d73e
782,0108ad899
783,0108b6dff
784,010a065a3
785,010a6fd46
786,010a8a01a
787,010b1e6aa
788,010b2f6bb
789,010b66d80
790,010babb89
791,010c52c16
792,010c876a9
793,010cbbfa0
794,010d15752
795,010d318f5
796,010d888b8
797,010d9cf33
798,010dfa6be
799,010e15afe
800,010ed806d
801,010f9d359
802,010fabc5d
803,010fafa3d
804,010ffc277
805,011027e4b
806,01109440b
807,0110c8ea6
808,011121bb6
809,011137db1
810,011254c64
811,011257630
812,0113453bd
813,0113b313a
814,0113c917b
815,011426d17
816,0114cb925
817,01152a5d6
818,011589d1f
819,011598fb2
820,0115a40b5
821,0115b87f1
822,01176a2ab
823,0117736ac
824,01178499a
825,0117bc68d
826,01184bcb5
827,01184d414
828,01187f300
829,0118f7c76
830,011916094
831,01192dade
832,01193c983
833,0119b3ef3
834,0119f8931
835,011a24ce7
836,011a32d23
837,011b4269f
838,011b9e390
839,011bd6a9c
840,011c07777
841,011d04e6a
842,011d2ada5
843,011d348b5
844,011d3c832
845,011d6d5cc
846,011e58797
847,011e85e74
848,011e93715
849,011ef970d
850,011f4ad27
851,011f9ac42
852,012080223
853,012083ce6
854,0121138f0
855,012178464
856,0121c76e4
857,0121dc132
858,01227fd61
859,0123698bd
860,0123813cf
861,0123af2ee
862,0123b84ee
863,0123f6aad
864,012413c23
865,01242922e
866,012552aca
867,012635ffd
868,012650ade
869,0126e3200
870,01271188c
871,012735107
872,0127f4737
873,0129c0880
874,012a79ead
875,012b28358
876,012c055e7
877,012c93bbd
878,012c9f428
879,012d50c04
880,012d8cca1
881,012d9c145
882,012e1cf94
883,012e5c9b7
884,012e8cd9f
885,012ea07c8
886,012ea7445
887,012eae5d8
888,012ec00aa
889,012ed5bf4
890,012efb010
891,012f9f733
892,013048d62
893,01305423f
894,0130673b8
895,0131c32f0
896,013239316
897,013241413
898,01327d427
899,0132d82b5
900,01330c594
901,01330de35
902,013376057
903,01337ab2b
904,0133db8eb
905,0134d23cf
906,0134d6f8c
907,0135aa332
908,0135f9e05
909,01365c2c6
910,013690101
911,01370ecc5
912,01379d23e
913,0137e0c97
914,0137ee2df
915,013853365
916,013877751
917,013894817
918,0138b5544
919,0138d99b8
920,01398b9f6
921,013ad4e54
922,013b9540b
923,013c67417
924,013daeba9
925,013de0034
926,013e52efa
927,013e8a916
928,013e8cbe4
929,013eb008f
930,013ebe2c7
931,013ee251e
932,013f26819
933,013f277d0
934,013fb4633
935,0140787ec
936,0140b622f
937,0140f5bef
938,0141b6094
939,01427bd61
940,014291085
941,0142b90f6
942,01431af84
943,014339c19
944,0143632df
945,014374e14
946,01437aea5
947,0143da271
948,014448bec
949,014449f8d
950,0144781c3
951,0144a4c27
952,0144d4786
953,014559b92
954,014586e74
955,0145d0281
956,0145e8b12
957,0145ffe2c
958,014624873
959,01465ca54
960,0146bf806
961,01473660c
962,014773cfa
963,0148abbd1
964,0148d55ba
965,0148e8c38
966,0149b4a95
967,014a47c36
968,014a97bcc
969,014ae9b69
970,014af5d8a
971,014b91092
972,014bbaa2a
973,014bdd89c
974,014be8963
975,014bf2cb5
976,014c589c5
977,014c8e452
978,014c906b1
979,014dedbb2
980,014f2454d
981,014f42813
982,014fa87e1
983,014fcdd11
984,015076dc3
985,0150b2c24
986,01512537a
987,015152aca
988,015160ad1
989,01517ad9d
990,015184606
991,015190caa
992,0151fc5c3
993,0152a6885
994,0152abc49
995,0152f58b6
996,01530ba04
997,015369fd9
998,015393e48
999,015399ad1
1000,0153aaea8
1001,0153b1dd3
1002,015401b11
1003,01540976a
1004,01541263e
1005,01545b14c
1006,01546f41d
1007,0154d8e2d
1008,015586350
1009,015609c9a
1010,0156344de
1011,01569c8cf
1012,01574d5c1
1013,0157a0505
1014,0157d3298
1015,0157f296b
1016,0158029ef
1017,01584f24a
1018,015861bab
1019,01589db09
1020,0158c7349
1021,0158daba7
1022,01590e50f
1023,0159108c0
1024,0159daa06
1025,0159edf2f
1026,015a66eca
1027,015ac431d
1028,015b0907b
1029,015b2962a
1030,015b3c123
1031,015b4aaf1
1032,015b9681c
1033,015ca91e1
1034,015d225be
1035,015d9f6b2
1036,015da1585
1037,015daf0d8
1038,015defa37
1039,015e0504c
1040,015e22f26
1041,015e56b00
1042,015e70094
1043,015e9ac6d
1044,015e9eb9e
1045,015f5051f
1046,015f7c998
1047,015fa191b
1048,015fb893d
1049,015fd80fd
1050,016017695
1051,0160a797d
1052,0160ece45
1053,01610f690
1054,01619d221
1055,0161b0b21
1056,0161d22bc
1057,0161d9a76
1058,0161da107
1059,0161faf00
1060,016217b62
1061,0162c9ef9
1062,0162cf3dc
1063,01630720b
1064,016393769
1065,0163a734e
1066,0163c7069
1067,01648de59
1068,0164b277f
1069,0164bd9d5
1070,0164ecdcb
1071,01655b455
1072,01655f1d9
1073,0166012e5
1074,0166acde9
1075,0166e4046
1076,0166f83f1
1077,016765ab2
1078,0168136f5
1079,0168f7408
1080,016975974
1081,0169da4d2
1082,016a83da6
1083,016ac674e
1084,016ad56c1
1085,016b30735
1086,016b781a9
1087,016ba1d67
1088,016bb0883
1089,016bb0df6
1090,016be8f13
1091,016c0da98
1092,016c70afa
1093,016ca71c9
1094,016cc6b10
1095,016d1261c
1096,016d67401
1097,016dcd260
1098,016e2f16b
1099,016e595f3
1100,016ea4dbf
1101,016ec07ac
1102,016eef9de
1103,016f50f79
1104,016f89755
1105,017009f19
1106,01702066a
1107,0170d5be7
1108,0170e87c8
1109,01712474d
1110,0171499be
1111,01715451e
1112,0172ba95b
1113,0172c7d99
1114,01731010a
1115,01732cb4f
1116,0173446a0
1117,017361f07
1118,01749de7d
1119,0174b528f
1120,0174eff5b
1121,01757275a
1122,0175ceae6
1123,01764691f
1124,0176ce7b1
1125,0177b7a2f
1126,0177df615
1127,0178084d0
1128,017826c29
1129,017857c94
1130,0178a6a0f
1131,0178a78ec
1132,0178c2489
1133,01795394e
1134,01796b428
1135,0179b53bb
1136,0179f1b7e
1137,017a278ad
1138,017a2a2a2
1139,017a3a722
1140,017a5f1aa
1141,017afc2d5
1142,017b8be5a
1143,017c1ed56
1144,017c1f6f3
1145,017c6a70c
1146,017c6ef2e
1147,017c96a1d
1148,017d242a2
1149,017e71075
1150,017edc6f0
1151,017f86fa2
1152,017ffa4e5
1153,018054283
1154,018098688
1155,01819bdb1
1156,0181c8d30
1157,0181eb130
1158,0183289cb
1159,01834cb80
1160,018358bc3
1161,0183d3b45
1162,0183e639d
1163,0184228e0
1164,01843a5ec
1165,01849f537
1166,0185015c1
1167,01850fc71
1168,01851fccf
1169,01853c2b1
1170,0185849b9
1171,0185abb5b
1172,0185b1bc5
1173,0185bdda1
1174,0185f1bec
1175,01868e730
1176,01873dc60
1177,01874d60b
1178,01875125d
1179,018764c0b
1180,01879ce11
1181,0187b087a
1182,01884e3ef
1183,018860b59
1184,018977b8c
1185,018b5ba5b
1186,018b8ef33
1187,018bdb40b
1188,018c0ccba
1189,018c1ff4d
1190,018c28853
1191,018c4ba23
1192,018ce6938
1193,018d6daa2
1194,018e02dfd
1195,018e3e878
1196,018e8bf12
1197,018ecdfbc
1198,018f2702d
1199,018f39921
1200,018f45cf2
1201,018f564e1
1202,018f88616
1203,018fcac44
1204,018feb9a1
1205,018fec62f
1206,0190215b2
1207,0190f8de4
1208,01914baf2
1209,01916382f
1210,0191d6ae7
1211,01920b170
1212,01924b710
1213,019252dca
1214,01926932c
1215,0192ba27a
1216,019336267
1217,01933be65
1218,0193ae5c1
1219,0193c0713
1220,019467af7
1221,019491575
1222,0194ec007
1223,01953adb5
1224,019545871
1225,01956d0c9
1226,0195bed5f
1227,019637cee
1228,01968c2b3
1229,0196a851b
1230,01973eba5
1231,019762ab7
1232,0197eac3f
1233,019816c1f
1234,0198534d2
1235,0198713b4
1236,0198728be
1237,0199876d1
1238,0199abc4f
1239,019a3ff0d
1240,019bd7ee0
1241,019c45bdf
1242,019cd10ef
1243,019da3e0f
1244,019ddb677
1245,019e0d818
1246,019e531ac
1247,019e54cd0
1248,019ea06c8
1249,019ec8483
1250,019f47360
1251,019f4d040
1252,019f68974
1253,01a0301b1
1254,01a06e52a
1255,01a07bedb
1256,01a0c450b
1257,01a1a2bd3
1258,01a1e6260
1259,01a263ff6
1260,01a26b0b2
1261,01a26b9d5
1262,01a323a4e
1263,01a3f56a2
1264,01a441c31
1265,01a4552ee
1266,01a4b42b1
1267,01a54e304
1268,01a5dda59
1269,01a5e1c3f
1270,01a641980
1271,01a64f829
1272,01a6582a0
1273,01a6933db
1274,01a6dbc4e
1275,01a7af49c
1276,01a7fb8ef
1277,01a88d07a
1278,01a8ab128
1279,01a8c8bff
1280,01a90519e
1281,01a978a80
1282,01a9daf54
1283,01aa2bb58
1284,01aaa7cb9
1285,01aacf989
1286,01ab7ccf3
1287,01ab980a2
1288,01abc0110
1289,01abe8621
1290,01ac494f0
1291,01acf3a1a
1292,01ad3292b
1293,01ad35fcb
1294,01ad4720f
1295,01ad7bca7
1296,01adaf31e
1297,01ade0c01
1298,01ade5c96
1299,01ae0d9e2
1300,01ae15700
1301,01ae5abe6
1302,01aeb9c8e
1303,01aed7da3
1304,01af21092
1305,01b022966
1306,01b030c4b
1307,01b0394b8
1308,01b04ce8d
1309,01b132e78
1310,01b14a36d
1311,01b1860bf
1312,01b189662
1313,01b19502c
1314,01b1d8dbf
1315,01b24c781
1316,01b267948
1317,01b2775b0
1318,01b2b29c7
1319,01b33d41f
1320,01b3ac383
1321,01b3c3cab
1322,01b427d00
1323,01b504adc
1324,01b524ff3
1325,01b57e020
1326,01b5d812c
1327,01b60dfc0
1328,01b674372
1329,01b6d88ec
1330,01b70334e
1331,01b733ffd
1332,01b7347a6
1333,01b784148
1334,01b84585c
1335,01b87d3d6
1336,01b88e0da
1337,01b96ba8f
1338,01bb07c7d
1339,01bbbec8e
1340,01bc89e10
1341,01bc908db
1342,01bcbc67d
1343,01bcd7b61
1344,01bd540db
1345,01bd9e043
1346,01bdb7220
1347,01bdc407f
1348,01bdd5981
1349,01bdfc055
1350,01be82522
1351,01bead3dd
1352,01bf9ea23
1353,01c084bc3
1354,01c11fdcf
1355,01c13a478
1356,01c1c7c52
1357,01c24645e
1358,01c261f85
1359,01c35c219
1360,01c38e384
1361,01c3c0234
1362,01c40dc0c
1363,01c454635
1364,01c4562ea
1365,01c559b28
1366,01c5e7262
1367,01c630212
1368,01c6a88e0
1369,01c6da630
1370,01c73738b
1371,01c78e866
1372,01c8395ef
1373,01c934c85
1374,01c94cda3
1375,01c958505
1376,01c99b29b
1377,01c99f2f5
1378,01c9a4743
1379,01ca03158
1380,01ca6f780
1381,01caa731a
1382,01cb271f6
1383,01cc76139
1384,01cd157a1
1385,01cd433c0
1386,01ce1dcb6
1387,01ce58aa5
1388,01cecb9b6
1389,01cedd5f6
1390,01cef1d48
1391,01cf421d5
1392,01cfb8b92
1393,01d0b0001
1394,01d1506bd
1395,01d175183
1396,01d18136d
1397,01d1b6e1b
1398,01d2a4440
1399,01d2aadfa
1400,01d33ce8d
1401,01d352deb
1402,01d4c73e2
1403,01d53cfe0
1404,01d53e0bd
1405,01d55b4bf
1406,01d607a82
1407,01d653480
1408,01d6b0dda
1409,01d6ba227
1410,01d6c0ada
1411,01d7041bb
1412,01d76c50c
1413,01d7af1dd
1414,01d7b3c4b
1415,01d8266ea
1416,01d83dd8a
1417,01d85d282
1418,01d8d0ef7
1419,01d90a961
1420,01d92b966
1421,01d9459a7
1422,01d956a2b
1423,01d98a868
1424,01da3b601
1425,01da5a2de
1426,01da9c2df
1427,01db841e2
1428,01dbc47bb
1429,01dcf15d1
1430,01ddda053
1431,01de1273b
1432,01de2fc25
1433,01df54887
1434,01e06a4c8
1435,01e06b76d
1436,01e0ad03e
1437,01e0fbf33
1438,01e0fce2c
1439,01e1d56d0
1440,01e2f88db
1441,01e33f740
1442,01e34d51f
1443,01e3d543c
1444,01e4019bc
1445,01e44cff9
1446,01e4fdbed
1447,01e53d284
1448,01e583366
1449,01e669b5c
1450,01e744922
1451,01e754831
1452,01e76c35d
1453,01e78a5d3
1454,01e8037b5
1455,01e85a3da
1456,01e899165
1457,01e8e51ec
1458,01e90fdbf
1459,01e97ce7e
1460,01ea4820f
1461,01ea6e925
1462,01ebe1831
1463,01ec3ac77
1464,01ec512cd
1465,01ecad2c6
1466,01ecba9b4
1467,01ed38a14
1468,01ed70c58
1469,01ed87ecb
1470,01edf4e56
1471,01ee06d13
1472,01ef10853
1473,01eff2f3e
1474,01f0f3e8e
1475,01f0f8691
1476,01f127bf3
1477,01f133b24
1478,01f138bd3
1479,01f275b9e
1480,01f276783
1481,01f286825
1482,01f343e18
1483,01f3589ac
1484,01f3a118c
1485,01f3e5e2a
1486,01f417d42
1487,01f445805
1488,01f4debc0
1489,01f4e6453
1490,01f560d41
1491,01f5c0de7
1492,01f5d2d51
1493,01f5f84b8
1494,01f6aa085
1495,01f6d8bed
1496,01f6deb32
1497,01f7774f0
1498,01f7d537e
1499,01f8ce131
1500,01f8d9946
1501,01f959675
1502,01faa3823
1503,01fb30fc6
1504,01fb4fd02
1505,01fb92c91
1506,01fbf3945
1507,01fc324bf
1508,01fc8ccf6
1509,01fd4ed98
1510,01fd5409e
1511,01fd967f2
1512,01fdb9246
1513,01fdbadc8
1514,01fe0cf6a
1515,01ffc8393
1516,020029331
1517,0200505ee
1518,0200612e9
1519,0200e3e24
1520,020127248
1521,020128a8d
1522,020202827
1523,02021c2f9
1524,0202c39b7
1525,020323dde
1526,02032b659
1527,02033af48
1528,020364a0c
1529,0203650de
1530,0203f42c6
1531,0204536e9
1532,0204590ef
1533,02049e814
1534,020523e06
1535,02052ec8c
1536,020682f4a
1537,0206d5f07
1538,0206d9a62
1539,0206db0da
1540,02076894e
1541,0208dfe73
1542,020988a92
1543,0209f50e1
1544,020a2bace
1545,020a436a7
1546,020aa1a39
1547,020b28a3a
1548,020b6a9f0
1549,020d34070
1550,020d6aa9b
1551,020da2aa6
1552,020dc83c1
1553,020eb20ee
1554,020eb3654
1555,020f11a05
1556,020f1afe8
1557,020f43406
1558,020f806f2
1559,0210c65fa
1560,0210dc4fb
1561,021163e69
1562,0211c0c59
1563,0211eaf35
1564,0212260d7
1565,0213b298f
1566,0213d42d5
1567,0213ddbed
1568,02141b043
1569,0214d2b6f
1570,0214e209d
1571,021529dfe
1572,02153fa85
1573,021565350
1574,0216192f6
1575,0216528ec
1576,0216681a3
1577,0216c8e5d
1578,021726b60
1579,0217ae7c8
1580,0218636b3
1581,0218fb9e0
1582,02192e46a
1583,021947aed
1584,0219dec84
1585,021a4cc34
1586,021ac7586
1587,021af528e
1588,021bcb626
1589,021c8200e
1590,021d125fb
1591,021d2b30c
1592,021d42ffc
1593,021d57a04
1594,021ded580
1595,021e2b4dd
1596,021e5ad03
1597,021ec54cd
1598,021f5a5c2
1599,021f7c44f
1600,02208125e
1601,0220a05f4
1602,02213ec5c
1603,022157fd2
1604,0221587f9
1605,02217bf07
1606,02219efd7
1607,0221ba171
1608,0221c3d75
1609,0221dbca9
1610,02224f66f
1611,022395edf
1612,022444d9e
1613,0224562c4
1614,02254cac5
1615,0225e1c57
1616,0225ea6d7
1617,02271e55b
1618,02277803f
1619,0227e4755
1620,022813f81
1621,0228180b5
1622,0228b1fbf
1623,0228c5d49
1624,0229121ce
1625,022931fee
1626,022a676f3
1627,022a6882d
1628,022abde58
1629,022af9c92
1630,022bab2b7
1631,022bfc827
1632,022c0e756
1633,022cef61e
1634,022d00f60
1635,022d62754
1636,022eac631
1637,022eb7f5c
1638,022ecd2ce
1639,0230623b4
1640,023094247
1641,023168e84
1642,0231d2f81
1643,023240c31
1644,02328d9d4
1645,02329b747
1646,02340e46d
1647,02352c626
1648,0235388ac
1649,02353a857
1650,02356a37c
1651,023583ef4
1652,0235db857
1653,023612ad4
1654,02365ada6
1655,0237d4ffe
1656,0237d953a
1657,0237edbd8
1658,02381372d
1659,02381eef2
1660,023881a49
1661,0238a3610
1662,0238c36b7
1663,0238cd03d
1664,0238e14b8
1665,0239af35c
1666,023a8c6b4
1667,023aec5ee
1668,023b586ff
1669,023b5b5da
1670,023beaff4
1671,023c85c21
1672,023ce48ce
1673,023d5f530
1674,023daba1c
1675,023e41f72
1676,023e45fa9
1677,023e9431c
1678,023f1de19
1679,023f6f2f9
1680,023f822d0
1681,023fd465e
1682,02402eb27
1683,0240a0c8b
1684,0240e1a95
1685,0240fc4b8
1686,02417a036
1687,0241f860a
1688,024208291
1689,02421d07b
1690,02422697a
1691,02422cd8a
1692,024248678
1693,024322b08
1694,024370643
1695,02445a8fc
1696,0245495d1
1697,024608d39
1698,0246ed76e
1699,024722c5a
1700,024742e5d
1701,0247570b7
1702,0247e1755
1703,0247f505b
1704,02482b4a6
1705,02489fe53
1706,0248aee06
1707,0248d7b6d
1708,0249b30e0
1709,0249be0f7
1710,024a707bf
1711,024a9c3f4
1712,024ae2655
1713,024b257f4
1714,024b7b8b0
1715,024bafd31
1716,024bb3f6a
1717,024bffeea
1718,024c9200c
1719,024d1a276
1720,024da9e52
1721,024ddc457
1722,024e6ba29
1723,024ede413
1724,024f1ef39
1725,024f32903
1726,024f3db31
1727,024fe0b8d
1728,024fef3ec
1729,024ff1d87
1730,02502a347
1731,025085ccc
1732,025150f65
1733,02515ade0
1734,02523c604
1735,02526cba2
1736,025325546
1737,02535bfb0
1738,0253c3406
1739,025418698
1740,02546a2b2
1741,02552caf3
1742,025610d04
1743,02563dacd
1744,0256476e4
1745,02567f5c5
1746,0256b65a4
1747,0256e1bd4
1748,0256ef90d
1749,02574d707
1750,025788e32
1751,0257ae6ab
1752,02580cb61
1753,02583d516
1754,0259a850b
1755,0259de307
1756,0259e148a
1757,025a721a8
1758,025ae18f1
1759,025b0b457
1760,025b52a2b
1761,025b9f505
1762,025baec78
1763,025c5c279
1764,025c5fdca
1765,025c70b1c
1766,025c83683
1767,025cc35b4
1768,025ce9526
1769,025cf3713
1770,025dfd6fe
1771,025e0af68
1772,025e2e921
1773,025e39c16
1774,025e5dc14
1775,025ee157d
1776,025efd626
1777,025f33344
1778,025f5cf67
1779,025fa739a
1780,025fbc9dd
1781,025ff7618
1782,025ffe80b
1783,02600c932
1784,026151534
1785,02617ccf3
1786,02619f457
1787,02620cfa8
1788,026214cfe
1789,0262874cc
1790,0262aaa0d
1791,02630ea38
1792,02638d157
1793,0263c0e5a
1794,02641ca93
1795,02644ef05
1796,02646214e
1797,02649646e
1798,02650299d
1799,0265c08f0
1800,0265c210b
1801,0266268fa
1802,0266d432e
1803,0267ff0b8
1804,02680b31f
1805,02688343b
1806,0268a89cf
1807,0268e218b
1808,02694afb1
1809,02698bd0e
1810,0269b1787
1811,026a33fbd
1812,026a4c17a
1813,026a6bdf1
1814,026a8a379
1815,026ac57ce
1816,026b0d0d5
1817,026b15aeb
1818,026b3e250
1819,026b66a3e
1820,026b8e116
1821,026bb1723
1822,026bce8ee
1823,026be75a5
1824,026c6e9bf
1825,026cff18d
1826,026d2493c
1827,026d50539
1828,026d6a519
1829,026da90a6
1830,026dae336
1831,026dbd337
1832,026de266c
1833,026e583a0
1834,026ede99c
1835,026f5c230
1836,026f743ca
1837,026f813c9
1838,026fb5246
1839,02707f940
1840,0270d7317
1841,0270e1e99
1842,02713f01b
1843,0272026b4
1844,02726f31a
1845,0272a80e1
1846,0272ff983
1847,027323edb
1848,0273953cd
1849,0273fb076
1850,027444fb7
1851,02745c2e3
1852,027483868
1853,02748d80d
1854,0274d3627
1855,0275eea3c
1856,02765ce9b
1857,02766c52b
1858,0276904be
1859,0276d039b
1860,02774cc0f
1861,02776139a
1862,0277825a8
1863,027875634
1864,027912e2b
1865,027a3b929
1866,027a9ce9c
1867,027afa11a
1868,027b2269a
1869,027b381f0
1870,027c349e9
1871,027c5620b
1872,027c9ac04
1873,027d9c067
1874,027dd0b76
1875,027e16aac
1876,027e6bd14
1877,027e7abf2
1878,027e8d30e
1879,027eb34b5
1880,027f955b1
1881,02800da9a
1882,028018fa1
1883,0280f7bd4
1884,02810dc63
1885,02814fab7
1886,0281adf1e
1887,0282961c2
1888,0282ae761
1889,0282e6975
1890,0282fde56
1891,0283920f8
1892,028468c8f
1893,0284c1225
1894,02854be01
1895,02854fb17
1896,0285506d2
1897,02857c749
1898,028592ebf
1899,0285b1b3e
1900,028602bc3
1901,028622be9
1902,02862e7ea
1903,0286357db
1904,028686ddc
1905,0287753fa
1906,02880bd6e
1907,02884baad
1908,02885724d
1909,0289651ff
1910,02899dad2
1911,028a2f6cb
1912,028ac6285
1913,028b0ee48
1914,028b3264d
1915,028b67e38
1916,028b8658a
1917,028b87b13
1918,028c9d202
1919,028d4a8d9
1920,028d4f577
1921,028db1af0
1922,028e07189
1923,028e081d0
1924,028ea8c63
1925,028eaba1a
1926,028f41948
1927,028f89837
1928,028ffda46
1929,0290675c9
1930,0291120e0
1931,029232e6d
1932,02923dee8
1933,02925fd61
1934,029263b60
1935,0292a0504
1936,0292e23be
1937,0292e9584
1938,0292f1509
1939,0293072da
1940,029377b79
1941,0293a5a19
1942,02940aa6c
1943,029456cee
1944,0294af7c1
1945,02953c55a
1946,0295a0ca2
1947,0296a13f9
1948,0296e8724
1949,0296fec8e
1950,029773a5d
1951,029790daf
1952,0297c2f2a
1953,029883ddf
1954,029919989
1955,0299a28d8
1956,0299e7726
1957,029a8f777
1958,029b05d40
1959,029b5a2d7
1960,029bda170
1961,029c0a0de
1962,029c17261
1963,029c2a08f
1964,029c99824
1965,029d921f9
1966,029e2db23
1967,029e59628
1968,029e9626f
1969,029f377cb
1970,029f4d87e
1971,029fdd773
1972,02a07c453
1973,02a091474
1974,02a09371f
1975,02a13fb8a
1976,02a1ffd2d
1977,02a22a00a
1978,02a3646da
1979,02a376ef0
1980,02a3edd4a
1981,02a441fbf
1982,02a49f6ab
1983,02a5c36c9
1984,02a5ee9a4
1985,02a608cf8
1986,02a608d41
1987,02a6389d6
1988,02a7340ab
1989,02a80f00c
1990,02a823e11
1991,02a8ba068
1992,02a8d4b4c
1993,02a96ada4
1994,02a9756b9
1995,02aa28f81
1996,02aab4d49
1997,02aab9aba
1998,02ab1b029
1999,02ab2c0a7
2000,02ab81b43
2001,02abd67a3
2002,02abe9456
2003,02ac40d55
2004,02ac49c46
2005,02ac55493
2006,02ac912d6
2007,02ad00d34
2008,02ad0580f
2009,02ad2129b
2010,02ad49061
2011,02ad4a616
2012,02ad57475
2013,02ad7f3e2
2014,02ada244c
2015,02adb030b
2016,02adb9daf
2017,02addff20
2018,02ae3af19
2019,02ae62f2c
2020,02aeb0b13
2021,02b0692d0
2022,02b094408
2023,02b0bfcfa
2024,02b16fab2
2025,02b29e721
2026,02b2b3f30
2027,02b2e2be3
2028,02b30cdbb
2029,02b3abcc1
2030,02b3bab15
2031,02b48c152
2032,02b4b1f6c
2033,02b53be98
2034,02b55b2af
2035,02b56c9e9
2036,02b5d006b
2037,02b5e6ad4
2038,02b609dce
2039,02b6f4dc6
2040,02b854286
2041,02b889b32
2042,02b8ad48c
2043,02b945641
2044,02b9d973f
2045,02ba0db11
2046,02ba2ecfe
2047,02ba5b2c2
2048,02ba6c476
2049,02ba774d1
2050,02bad64c2
2051,02bb1d178
2052,02bb26bc4
2053,02bb900e4
2054,02bb9a3bf
2055,02bbac109
2056,02bbc958f
2057,02bc480c5
2058,02bcca2d6
2059,02bce2ddd
2060,02bd16053
2061,02bd1f2f0
2062,02bd254d1
2063,02bd7e3d1
2064,02bd946c3
2065,02be02433
2066,02be1b83c
2067,02bebcd29
2068,02beeabc5
2069,02bf17114
2070,02bf86cae
2071,02bf88414
2072,02bfb39e6
2073,02bfd9c6c
2074,02c0238c7
2075,02c025c7d
2076,02c086331
2077,02c0df430
2078,02c0f1e6e
2079,02c14d65d
2080,02c1ef055
2081,02c26d6f7
2082,02c297bdc
2083,02c2a42d2
2084,02c2c6c7e
2085,02c314fd7
2086,02c3568a7
2087,02c371954
2088,02c373f27
2089,02c382728
2090,02c38ec7b
2091,02c3d2f59
2092,02c429cad
2093,02c4cbff8
2094,02c59b6ba
2095,02c5b00e8
2096,02c66b95d
2097,02c781d8a
2098,02c89ebc8
2099,02c8d553b
2100,02c935211
2101,02c939579
2102,02c976c09
2103,02c9a22ee
2104,02cac98ee
2105,02cad75b1
2106,02cadf33e
2107,02cb044ba
2108,02cb62c23
2109,02cb8b07c
2110,02cbc4cbb
2111,02cbeb068
2112,02cbebfff
2113,02cc4f9cf
2114,02cc68ce9
2115,02ccca445
2116,02cdd6ba3
2117,02cddb0f3
2118,02cec45c4
2119,02ceea31e
2120,02ceecc4d
2121,02cf05798
2122,02cf4176d
2123,02cfb3c9d
2124,02cfbf9e0
2125,02d0a4912
2126,02d0ae5cb
2127,02d148aec
2128,02d15f352
2129,02d17ae21
2130,02d215db2
2131,02d218ff4
2132,02d2863b8
2133,02d29635a
2134,02d29dbc2
2135,02d314a47
2136,02d35ca31
2137,02d385f81
2138,02d3996de
2139,02d3b8f58
2140,02d3e26ab
2141,02d43555f
2142,02d450447
2143,02d49dfcc
2144,02d565e9e
2145,02d569a35
2146,02d584240
2147,02d5a8cc1
2148,02d5afc38
2149,02d5f31fd
2150,02d67cdab
2151,02d6c28bf
2152,02d6d3aba
2153,02d7581b7
2154,02d772058
2155,02d7e346f
2156,02d7f7d79
2157,02d886255
2158,02d928c1e
2159,02d93cbf1
2160,02d958534
2161,02d97c5bb
2162,02d9c899b
2163,02dacd74e
2164,02db69003
2165,02db7d0c8
2166,02db88cc5
2167,02ddb350f
2168,02de1b37d
2169,02de2c3a6
2170,02df7aa11
2171,02dfa1392
2172,02dfc6a62
2173,02e044d26
2174,02e04a2ba
2175,02e15f70e
2176,02e18ce1d
2177,02e22b90e
2178,02e25e554
2179,02e304324
2180,02e35cc36
2181,02e39612d
2182,02e434433
2183,02e440917
2184,02e4c0a3b
2185,02e5cfabd
2186,02e5e9199
2187,02e5fad41
2188,02e604fa4
2189,02e610c3a
2190,02e62a2e1
2191,02e63e216
2192,02e687d04
2193,02e6a2a59
2194,02e79cf65
2195,02e7b89fe
2196,02e831bf9
2197,02e844a41
2198,02e8e2bdf
2199,02e9922af
2200,02e9b1860
2201,02e9cb29d
2202,02ea1b45d
2203,02ea4c620
2204,02ea71d21
2205,02ea753ea
2206,02ea84c19
2207,02eaafa40
2208,02ead2260
2209,02eb9080d
2210,02ec2ab17
2211,02eca3382
2212,02ede359b
2213,02edfd06c
2214,02eeba747
2215,02eebbaf0
2216,02eee230d
2217,02eef44eb
2218,02eef735f
2219,02f0248a0
2220,02f05f1f2
2221,02f065953
2222,02f0f0abb
2223,02f108b99
2224,02f15b8ca
2225,02f195403
2226,02f2114ac
2227,02f22279a
2228,02f28108a
2229,02f28a1a4
2230,02f332905
2231,02f338495
2232,02f340812
2233,02f367f60
2234,02f448a25
2235,02f509967
2236,02f528d39
2237,02f594d5a
2238,02f690e6c
2239,02f6f3b23
2240,02f8a33df
2241,02f8b8b46
2242,02f8cc207
2243,02f8e55db
2244,02f8fd06a
2245,02f944205
2246,02f963055
2247,02f975e35
2248,02f9824a1
2249,02f9d5b11
2250,02fa0399a
2251,02fa41846
2252,02fac3a8d
2253,02fad98a5
2254,02fb4e152
2255,02fbc6ac6
2256,02fca3ccb
2257,02fd15575
2258,02fd4414f
2259,02fd831b5
2260,02fdaf33f
2261,02fdf14d1
2262,02fe7c253
2263,02ff119d9
2264,02ff17cd0
2265,02ffcbac3
2266,02ffee1ba
2267,02fff57ff
2268,03007179a
2269,03007ae96
2270,030096287
2271,0300b0b80
2272,0300bf957
2273,0300eef92
2274,0300ffa75
2275,030237784
2276,03025cb90
2277,03032a216
2278,0303358e5
2279,030353446
2280,030385e54
2281,03039d30b
2282,0304d6084
2283,0304e57e5
2284,0306e8daf
2285,0306fd3f6
2286,030725a53
2287,03078635d
2288,0307a3336
2289,0307c908a
2290,0307f78a4
2291,0309112bd
2292,03096f9d3
2293,0309f549f
2294,030a0f349
2295,030a6b81d
2296,030a9a650
2297,030ae977d
2298,030b5be80
2299,030b8d1ca
2300,030bab8fc
2301,030d59fd3
2302,030e0cbb8
2303,030e51946
2304,030e62f40
2305,030ea05f4
2306,030f273eb
2307,030f88656
2308,030fe0054
2309,03100331b
2310,031009666
2311,03103a352
2312,031053ab0
2313,031071580
2314,031101e01
2315,031132e87
2316,03117816c
2317,031196222
2318,0312b8f20
2319,03130ba24
2320,0313561b4
2321,0313a9bf8
2322,0313b328c
2323,0313cda19
2324,031414527
2325,031476067
2326,0314856cb
2327,0314f1712
2328,0316393dd
2329,03165e250
2330,031755a18
2331,0317cda80
2332,03180e2aa
2333,03182401e
2334,031860aa4
2335,031870420
2336,0318938df
2337,0318bab62
2338,0318c5460
2339,0318cd222
2340,0318e0afc
2341,0318fc519
2342,0319108b9
2343,03192f77b
2344,031a10d75
2345,031a7628f
2346,031ad45db
2347,031b2d6cd
2348,031b4b599
2349,031b4c39c
2350,031c75e6d
2351,031cfd20b
2352,031d5ef4e
2353,031db2a4b
2354,031e2d76f
2355,031e47d53
2356,031e67e3f
2357,031e8fa33
2358,031eb53bd
2359,031eb662b
2360,031ff355f
2361,03204a586
2362,0320fe9ee
2363,032108831
2364,0321c34c5
2365,0321de785
2366,03221cd53
2367,03229a75e
2368,032301106
2369,03231ef33
2370,032331eb3
2371,03234a655
2372,03235cae1
2373,0323b0e5d
2374,0323b41a7
2375,0324256e3
2376,03246590e
2377,032471c6b
2378,0324ca639
2379,0324d8518
2380,032500436
2381,032534dfe
2382,03254d033
2383,0325a80e0
2384,0325c0ae2
2385,0326cb6bd
2386,0326f1afc
2387,03271b948
2388,03276eb9b
2389,032774f41
2390,03279d6f5
2391,03279df25
2392,0327ddfe4
2393,032818c43
2394,03283f72a
2395,03284edd5
2396,032882cc3
2397,0328935b6
2398,0328ab93d
2399,0328b8b38
2400,0328e28c2
2401,0328f44ee
2402,032a80e55
2403,032a8a5e8
2404,032aa0fcb
2405,032aeef30
2406,032bb0193
2407,032c4201f
2408,032c50393
2409,032c88fa9
2410,032d35132
2411,032d6ef4f
2412,032f246b8
2413,03302fd4e
2414,03307335a
2415,03313c6c2
2416,033170c5a
2417,0331942e6
2418,0331ce16a
2419,033289c3c
2420,03329434d
2421,0332b003e
2422,0333151de
2423,0333f8163
2424,0334874b4
2425,0334b5c53
2426,0334e61a7
2427,03354d756
2428,0335f0bec
2429,03367375d
2430,03371bd0a
2431,0337a5e10
2432,0337e7947
2433,0337f6130
2434,03382f6eb
2435,03384fef9
2436,0338bf010
2437,0338d526c
2438,0338fe6a1
2439,03390851f
2440,033a3553c
2441,033a8d05d
2442,033a928ca
2443,033b7224f
2444,033bf95fe
2445,033c67df1
2446,033d8434e
2447,033dfa9a6
2448,033e27429
2449,033e4e8e3
2450,033f61c0d
2451,03408ff00
2452,0340caf15
2453,0341a1faa
2454,0341ebf96
2455,0342026f7
2456,0342522d0
2457,03425ab0a
2458,03427551b
2459,03436c937
2460,03438e510
2461,0343f6988
2462,0344a78a7
2463,0344ae081
2464,0344b9a62
2465,03452fdd3
2466,0345a98ca
2467,03467751a
2468,0346effaa
2469,0346f7fca
2470,0347105d0
2471,034767ca7
2472,034772a9f
2473,034798213
2474,034799e44
2475,03481a362
2476,03489ebda
2477,0348a11d9
2478,0348a8d7f
2479,0348d4a5c
2480,0348eeaea
2481,0348ff893
2482,034968828
2483,03496afd0
2484,03499e171
2485,0349cd0df
2486,0349ef3d1
2487,034a04f66
2488,034a0dddf
2489,034a1400d
2490,034abac62
2491,034b4d234
2492,034be6f3e
2493,034c16d51
2494,034c3f323
2495,034c6fb80
2496,034ca53a9
2497,034db8a8f
2498,034e216f0
2499,034ef231b
2500,034f6c9dd
2501,034ff94f0
2502,03504a689
2503,035094298
2504,0350f9c3d
2505,03510b1d5
2506,03514496e
2507,0351cafa1
2508,035208d27
2509,03527aee7
2510,035308d3e
2511,03531443a
2512,03533a855
2513,03537a74b
2514,03540e153
2515,03541418b
2516,0354b2557
2517,0354eceb2
2518,0354f47d7
2519,035613a0a
2520,035670204
2521,035694f22
2522,0356d587e
2523,035794b2b
2524,0357a9917
2525,0357bd14f
2526,0357dadf4
2527,035927b95
2528,035974ff7
2529,0359b4d40
2530,035a4d20b
2531,035a70b63
2532,035aa060b
2533,035b2f630
2534,035ca3e0e
2535,035cab3f3
2536,035caeb07
2537,035d7279e
2538,035d737bb
2539,035de1936
2540,035e3ffa8
2541,035e53d79
2542,035e5ed97
2543,035e74468
2544,035eafa77
2545,035edd5ba
2546,035f6d7db
2547,03600f027
2548,0360b2e7f
2549,0360caf6c
2550,03612fafe
2551,03613cbf1
2552,03613d18f
2553,036159544
2554,03618e3e7
2555,0361fa902
2556,0361fb31d
2557,03624dcb8
2558,03627406b
2559,0362bcab2
2560,0362dbcf3
2561,0362e7916
2562,03635dbef
2563,03636a9e0
2564,0363cd2e0
2565,0363cfc07
2566,0363dabab
2567,0363dfa5e
2568,03644371d
2569,0364533ad
2570,0364a0c28
2571,0364c846b
2572,036530085
2573,03657d34d
2574,0365a61da
2575,0366baf0f
2576,0367e8a9d
2577,0368387d6
2578,03687aec4
2579,0368beab8
2580,03692062f
2581,036a9b463
2582,036abdf0f
2583,036aef273
2584,036aefec1
2585,036b4d08d
2586,036b4d936
2587,036b582f2
2588,036b857ef
2589,036bd9ea9
2590,036d13b0d
2591,036d3b58c
2592,036d3ecb1
2593,036d42b8c
2594,036da8ee0
2595,036daae80
2596,036dadbdd
2597,036de67f5
2598,036df7c8d
2599,036e33264
2600,036e436fd
2601,036f46b1e
2602,036f9b076
2603,036fc1805
2604,036ff55a3
2605,03711997e
2606,037126f8a
2607,0371493d4
2608,037192ffd
2609,0371e435c
2610,0372121e8
2611,0372480b7
2612,03727392f
2613,0372afd80
2614,0372ea1b7
2615,03733211f
2616,0373600da
2617,0373a195c
2618,037479eb3
2619,0374c49ba
2620,03753b9e4
2621,0375857aa
2622,0375e3d82
2623,037642165
2624,03766fdb1
2625,0376c100c
2626,037727c67
2627,03777e065
2628,03783100c
2629,037837ec4
2630,03790e108
2631,03791dba7
2632,03795c688
2633,037996adf
2634,0379bf020
2635,037a04eab
2636,037a10cc0
2637,037b1cfad
2638,037bc7abf
2639,037bfd555
2640,037c2a80d
2641,037cc9d3e
2642,037d402cc
2643,037d4c422
2644,037d5d163
2645,037da4c5d
2646,037e0ed6f
2647,037e0f86e
2648,037e3af6b
2649,037f4b90a
2650,037f54925
2651,037f8a3f4
2652,037f98480
2653,0380e9040
2654,0380e94ce
2655,0380ebf24
2656,038163f7c
2657,03820fc73
2658,03823c0e1
2659,03828bca6
2660,038312a7f
2661,038350144
2662,038367c52
2663,03839a9ad
2664,0384a0b91
2665,0384f8e34
2666,0385a6b20
2667,0385b9678
2668,0385da553
2669,0385f928b
2670,03861865e
2671,0386ec9fa
2672,038750778
2673,03892f222
2674,038972da7
2675,0389caf22
2676,0389d26d9
2677,0389e1658
2678,038adc9b5
2679,038c43b1e
2680,038cb7f0e
2681,038cbbfbd
2682,038cf3366
2683,038d493e5
2684,038daeb31
2685,038ec2190
2686,038edeb46
2687,039091f43
2688,03909560c
2689,0390a1104
2690,03918d38b
2691,03919865f
2692,03921a65d
2693,039262618
2694,039272a67
2695,039299fc2
2696,03931ed0e
2697,0393722ec
2698,03938e7b2
2699,0393ba4e0
2700,03948763f
2701,03949fbbd
2702,039511fa6
2703,0395b740b
2704,0395e30d5
2705,03961a5fb
2706,039638d6a
2707,0396bb751
2708,0396dc556
2709,0396dcc94
2710,039710b1e
2711,039795360
2712,0397c257c
2713,03982d713
2714,03983b3c0
2715,03987570f
2716,03987c478
2717,0398b565f
2718,0398ecd03
2719,0398efee0
2720,03992d4e3
2721,0399745b8
2722,03998c7ee
2723,039a1ae26
2724,039a7338e
2725,039ab19b8
2726,039ad07e8
2727,039b0e6eb
2728,039b2ebe9
2729,039b3a3a9
2730,039b3acd6
2731,039c31a9a
2732,039cedc54
2733,039d13034
2734,039d354e9
2735,039d7aee0
2736,039dc2086
2737,039de0182
2738,039e906cd
2739,039ec5586
2740,039ecfeb3
2741,039edaf29
2742,039edb8d8
2743,039ee8867
2744,039eed298
2745,039f4bf3d
2746,039fbdd41
2747,039fd387f
2748,039fec93a
2749,03a092afa
2750,03a0c76f2
2751,03a0f5329
2752,03a0f5f93
2753,03a138a86
2754,03a2376cd
2755,03a26ae7c
2756,03a3cf71a
2757,03a43f0e4
2758,03a4de5bd
2759,03a58ff0c
2760,03a5fd8d2
2761,03a681af1
2762,03a6a59f5
2763,03a6a8a28
2764,03a6fc138
2765,03a705d33
2766,03a72b96a
2767,03a7a0f78
2768,03a7f266b
2769,03a7fe138
2770,03a80dd02
2771,03a82247a
2772,03a8cb652
2773,03a8d1f96
2774,03a8ebd81
2775,03a963315
2776,03a9ae4df
2777,03a9deed3
2778,03aaa24d5
2779,03ab4061b
2780,03ab6e540
2781,03aba0a7c
2782,03ac4cb9f
2783,03ac59d38
2784,03ad5ec5f
2785,03ad701c8
2786,03ae0226a
2787,03ae1e061
2788,03af8955c
2789,03afb3958
2790,03affef39
2791,03b035bd9
2792,03b036194
2793,03b1bb0da
2794,03b1ddf8a
2795,03b241b69
2796,03b25afe0
2797,03b25bda9
2798,03b27f7c3
2799,03b28894f
2800,03b34f7a1
2801,03b3a79ca
2802,03b3cffb5
2803,03b47597c
2804,03b4aca0a
2805,03b4ad592
2806,03b4cee3b
2807,03b550668
2808,03b5f54ce
2809,03b6a0bf0
2810,03b6fba64
2811,03b7068b3
2812,03b717e31
2813,03b77e1f8
2814,03b7e6820
2815,03b8bb02c
2816,03b8fb899
2817,03b90b808
2818,03b9ccd94
2819,03b9d27dc
2820,03ba5bae7
2821,03ba79b0b
2822,03ba91c8b
2823,03baa3011
2824,03bab6624
2825,03bb768ef
2826,03bbb463b
2827,03bc3f2ec
2828,03bc490ce
2829,03bc8ef10
2830,03bcac510
2831,03bd63558
2832,03bd64c19
2833,03bdd6f06
2834,03bdeef4d
2835,03bdfd40f
2836,03be3711f
2837,03be5d7bd
2838,03be66ef0
2839,03beec0b1
2840,03bf43b94
2841,03bf59164
2842,03bfcbfa5
2843,03bfe758f
2844,03c101b1a
2845,03c129189
2846,03c162b7e
2847,03c23b172
2848,03c2530d8
2849,03c272208
2850,03c2927ec
2851,03c2a7431
2852,03c2c78e5
2853,03c33b8b4
2854,03c36cf7c
2855,03c4b5087
2856,03c4ffdbf
2857,03c52e923
2858,03c531043
2859,03c53a4ca
2860,03c563929
2861,03c5d57c0
2862,03c70f98b
2863,03c807bd1
2864,03c99ebbe
2865,03c9f07e2
2866,03ca367b5
2867,03cac82d3
2868,03cc5e3d9
2869,03cd7bfd7
2870,03ce826ea
2871,03ce937da
2872,03cfa73ef
2873,03d007d98
2874,03d04aacc
2875,03d0532d1
2876,03d075610
2877,03d07af7b
2878,03d081c7c
2879,03d097fa4
2880,03d102373
2881,03d24f93b
2882,03d3a2e68
2883,03d448495
2884,03d465eae
2885,03d4bafb1
2886,03d520b6b
2887,03d5a3581
2888,03d5d0d21
2889,03d66b82c
2890,03d67b97f
2891,03d6f72cd
2892,03d7d69a9
2893,03d836ae5
2894,03d8aef8a
2895,03d99280a
2896,03d99d65c
2897,03d9e6d66
2898,03d9e991f
2899,03dabea13
2900,03dacbbe3
2901,03db464bc
2902,03dc71fb4
2903,03dc73697
2904,03dcecece
2905,03dced6e1
2906,03dd3138e
2907,03dd554eb
2908,03ddd03ef
2909,03de260df
2910,03debda0f
2911,03df281d2
2912,03df2fb1d
2913,03df5d0de
2914,03df7f7c6
2915,03df9ac10
2916,03dfe332a
2917,03e09f51d
2918,03e12b25c
2919,03e2b09a3
2920,03e2cabba
2921,03e3922d0
2922,03e3f0de5
2923,03e4a01d9
2924,03e4c018c
2925,03e4f3d71
2926,03e4f5426
2927,03e5315f3
2928,03e56aa82
2929,03e624564
2930,03e6b080c
2931,03e6da8f5
2932,03e7849e7
2933,03e7e8903
2934,03e8c6804
2935,03e920fe5
2936,03e984e0d
2937,03e9f77d6
2938,03eaa8a5e
2939,03eadd139
2940,03eb20329
2941,03ebc111f
2942,03ec66608
2943,03ec6c09a
2944,03ecf07fd
2945,03ed3a56b
2946,03ed56529
2947,03eee87b8
2948,03efa6514
2949,03eff1ba7
2950,03f00631b
2951,03f07757e
2952,03f0dd9c4
2953,03f0e171d
2954,03f0f7988
2955,03f15ce94
2956,03f1637a3
2957,03f249e87
2958,03f2b4561
2959,03f2d5dd0
2960,03f39fe50
2961,03f3ce23e
2962,03f3fda07
2963,03f570eac
2964,03f5f5e89
2965,03f608a9e
2966,03f66a208
2967,03f6d6dcd
2968,03f71b758
2969,03f73cc8e
2970,03f83a011
2971,03f9f9627
2972,03fa4f028
2973,03fa746f0
2974,03fa7f9fe
2975,03fa9ed44
2976,03fab2e86
2977,03fad3c88
2978,03fc0fce6
2979,03fc29e21
2980,03fc4edcc
2981,03fd0257f
2982,03fd3664e
2983,03fd866a3
2984,03fd9786a
2985,03fdccf5b
2986,03fe2eae5
2987,03fe3b839
2988,03febd5d8
2989,03ff3ede2
2990,03ff58124
2991,03ffa7680
2992,040003a88
2993,04000a557
2994,04003c1f8
2995,04006057c
2996,040073f20
2997,0400b2f44
2998,0401c7d27
2999,0402692a7
3000,04029a0c9
3001,0402ca658
3002,040353eb7
3003,040448ed1
3004,04046f935
3005,040476ec0
3006,040486ade
3007,0404b9221
3008,0405313c5
3009,0405d5bab
3010,040670013
3011,0406778d9
3012,04069683a
3013,0406e0a4b
3014,04070d798
3015,040782828
3016,040834bc2
3017,04089843f
3018,0408af083
3019,0408f69d4
3020,040979702
3021,040991118
3022,0409d0be2
3023,040a6a9a7
3024,040b5c027
3025,040b60389
3026,040befdef
3027,040bf4e9e
3028,040c2e921
3029,040c585b1
3030,040cb040b
3031,040d0634b
3032,040d3a7b0
3033,040d8b273
3034,040e100cc
3035,040e3a4d3
3036,040f5333d
3037,040f91ad9
3038,040f9ba23
3039,040fb024d
3040,0410a455d
3041,0410b8f70
3042,041189ce8
3043,0411e3020
3044,0412a8a39
3045,0412a9ea6
3046,04130b4d1
3047,04132b93b
3048,0413b40c8
3049,0413cfbde
3050,0413d8cce
3051,04143b1e1
3052,0414b4961
3053,0414eaf2c
3054,041577100
3055,041610e5e
3056,04163641b
3057,04165707c
3058,0416b703b
3059,04179a1f4
3060,0417f1d41
3061,0418005be
3062,0418ca726
3063,0418f52e9
3064,041924d18
3065,04195aa0f
3066,0419b5f10
3067,0419c24f7
3068,041a2e20d
3069,041a49a22
3070,041a534eb
3071,041a55184
3072,041aba33c
3073,041b62c21
3074,041b682e2
3075,041b8262d
3076,041b87262
3077,041bbee34
3078,041c27b8a
3079,041d4d78d
3080,041db097d
3081,041f103d4
3082,041f1c8e3
3083,042084340
3084,04209c9fe
3085,0420bacd6
3086,042119fa6
3087,042144f0c
3088,04218eaa1
3089,04231746c
3090,04235dd53
3091,0423ba943
3092,042447c36
3093,0424d3eaf
3094,04251f1cf
3095,0425c6067
3096,0425f46de
3097,04266f45f
3098,042685ec3
3099,0426ea7e2
3100,04273b4ec
3101,04276b73b
3102,0427db177
3103,042804393
3104,042812ecd
3105,042837669
3106,04283a9c5
3107,042870986
3108,0429119a9
3109,0429f3a5f
3110,042aa9209
3111,042bc2f9a
3112,042bc8a1d
3113,042c8028f
3114,042c8e347
3115,042ca7e0a
3116,042d2eba3
3117,042da1f9f
3118,042ddaae0
3119,042e0dde3
3120,042e6812e
3121,042ec8b9f
3122,042edc7d4
3123,042eeedae
3124,042f26302
3125,042f96056
3126,042fa812e
3127,04305067e
3128,043132399
3129,04316c14b
3130,04321f215
3131,043220e79
3132,04331d14c
3133,043393d81
3134,0434cdda4
3135,04352e8ec
3136,04358add9
3137,0435daebe
3138,0435dfdb8
3139,0435ffc4b
3140,04366b6cb
3141,043693d8f
3142,04369a2aa
3143,0436d3d63
3144,04371ab93
3145,043743874
3146,0437c1bda
3147,0437fb408
3148,0438460cf
3149,0438c1844
3150,0438f4082
3151,043924e0c
3152,043934fa4
3153,04394b5b2
3154,043a12aac
3155,043a1665a
3156,043a2dfcc
3157,043b2145d
3158,043bacca3
3159,043ca6a5e
3160,043d0be22
3161,043d8815e
3162,043e02ec8
3163,043e25f0d
3164,043e3a56b
3165,043f5449e
3166,043fc90e8
3167,044009aa2
3168,0440b686b
3169,0440de4a6
3170,0440e8dc3
3171,0440ed3f9
3172,0440f07ce
3173,04417eee0
3174,044310971
3175,044342421
3176,04438bbd0
3177,04444abbf
3178,0444664d9
3179,0444b65af
3180,0444b73b2
3181,0444f52e0
3182,044508a51
3183,0445b541d
3184,0445c0ec0
3185,0446fbbd1
3186,0447150d8
3187,04475263f
3188,04477202f
3189,044791f75
3190,0447c6046
3191,0447e8946
3192,0448144f2
3193,04489a3f2
3194,04489c924
3195,0448ad6ff
3196,044b5e9a2
3197,044c22bcb
3198,044c3369e
3199,044c5a174
3200,044c5f9c1
3201,044d23efa
3202,044d80337
3203,044d819b9
3204,044d90ef8
3205,044dcfc55
3206,044df9251
3207,044e46d78
3208,044e81557
3209,044f28bd4
3210,044f443fe
3211,044f5a70b
3212,044f666a6
3213,044f8bff1
3214,044fb9d52
3215,04501ad60
3216,045029812
3217,04504f026
3218,045060274
3219,04522b8ff
3220,045248ae3
3221,045266ab5
3222,0453525e5
3223,045397151
3224,0453a9590
3225,04557dd8c
3226,0455c8962
3227,0455e1826
3228,04568ca51
3229,04574d280
3230,0457e286f
3231,04580387f
3232,045822017
3233,04585fa9b
3234,0458eac82
3235,045900cba
3236,0459b2bde
3237,0459c7d2a
3238,0459dcefd
3239,045ae1aed
3240,045b32426
3241,045bcebae
3242,045bd04e4
3243,045bf8da5
3244,045ca7ca1
3245,045cfb2e6
3246,045df3836
3247,045e92d5a
3248,045eeb106
3249,045f01b53
3250,045f71855
3251,045fb908a
3252,045fc73b2
3253,0460b7e27
3254,0460d0d12
3255,04610e6f0
3256,04613887b
3257,046198a61
3258,04620c542
3259,046280738
3260,04638f5bc
3261,0464465f2
3262,046449b3f
3263,0464ea6e4
3264,04652eac0
3265,0465b3152
3266,0465f2dff
3267,0465f98d7
3268,046609ff0
3269,0466bd808
3270,0466e7052
3271,0467685a5
3272,04685200e
3273,04685259a
3274,046861c6f
3275,04689a67f
3276,0468f5f74
3277,0468fbd6f
3278,04693316d
3279,0469b57ac
3280,0469b66d4
3281,046a4c92b
3282,046a58993
3283,046a898fe
3284,046aed342
3285,046b6ff8a
3286,046b79181
3287,046b83a72
3288,046ba0a33
3289,046be8710
3290,046c0bac1
3291,046c1f7d8
3292,046c24fbb
3293,046c47bdc
3294,046c48f1b
3295,046ce1764
3296,046cf8b27
3297,046d64e21
3298,046dc443f
3299,046e06d1a
3300,046e594f0
3301,046e69c24
3302,046e8d578
3303,046f1fe3e
3304,04700c91b
3305,04700d171
3306,04702fb27
3307,0470838d4
3308,0471c0c26
3309,0471c2f42
3310,0471e6fa0
3311,04723df93
3312,04724948f
3313,0472f2362
3314,0474e8c0c
3315,0474ee86c
3316,0475874d0
3317,0475be859
3318,0475dedd5
3319,047607f57
3320,04764eab7
3321,0476508f1
3322,04767b721
3323,0476ccb74
3324,047794cdf
3325,0477952d0
3326,0477dc98e
3327,0477eb86d
3328,047899af2
3329,0478ba85c
3330,04793b9bc
3331,0479573ba
3332,0479f7320
3333,047ae4cf0
3334,047bccf70
3335,047c6bda1
3336,047defb9c
3337,047e5631c
3338,047e855d6
3339,047f37efc
3340,047f4b268
3341,047f56def
3342,047f83df3
3343,04801a5b5
3344,04805aa48
3345,0480a2e2b
3346,0480c76be
3347,0481c822d
3348,04821b500
3349,04823d919
3350,04823f766
3351,0482bb65a
3352,0483458f2
3353,04834e1d5
3354,0483b876d
3355,0483d0418
3356,048405ece
3357,04845f032
3358,0484d8d09
3359,048635905
3360,048643279
3361,04867fe84
3362,04869672c
3363,0486baaaf
3364,04875e0d3
3365,048815378
3366,048877bdf
3367,0488f00dd
3368,04894527b
3369,0489e53a3
3370,048a24675
3371,048a58bc2
3372,048ac9de0
3373,048ad3535
3374,048bc464f
3375,048bcba36
3376,048bde741
3377,048c0546f
3378,048c1ba2e
3379,048c4cd1a
3380,048d10581
3381,048d23e16
3382,048d402a2
3383,048d63ea8
3384,048e79eff
3385,048ebebb6
3386,048f1c4ef
3387,048f938bc
3388,048fe05cd
3389,0490059f6
3390,04902b3d1
3391,0490b090a
3392,0490c27e4
3393,04911c9ca
3394,049120d9e
3395,049127dd4
3396,049181849
3397,049233f8a
3398,04924ab0a
3399,04925782d
3400,049302349
3401,049443b78
3402,049476fba
3403,0494df29a
3404,0494fccfb
3405,049536303
3406,04954b6c3
3407,04957ae67
3408,04958ce7f
3409,04966dd5b
3410,0496bafb8
3411,0496c1ec9
3412,0497762c6
3413,04992e40a
3414,049969cc2
3415,049a04990
3416,049a5468c
3417,049ab5349
3418,049b4b603
3419,049b4eab6
3420,049bd2136
3421,049c46e17
3422,049c6eacb
3423,049c9e8c7
3424,049d1f00b
3425,049d23357
3426,049d7da30
3427,049dcab9d
3428,049e4942a
3429,049eb087c
3430,049ecf69f
3431,049f0fd16
3432,049f6df94
3433,049f9e4c8
3434,049faa95b
3435,04a00eb09
3436,04a0f226f
3437,04a1e688d
3438,04a2c262a
3439,04a3438da
3440,04a35eebb
3441,04a3e3fc6
3442,04a43a639
3443,04a47a98e
3444,04a48c914
3445,04a50eb2c
3446,04a516390
3447,04a52d282
3448,04a54a234
3449,04a54fb3d
3450,04a580be8
3451,04a5d2f25
3452,04a5e04e4
3453,04a5f65d0
3454,04a5f8b9f
3455,04a60c9e7
3456,04a628f65
3457,04a674eac
3458,04a6a3eb5
3459,04a6ce5f9
3460,04a717c44
3461,04a7a80d1
3462,04a928ddc
3463,04a959b5a
3464,04a9767c6
3465,04a97d950
3466,04a9b4f14
3467,04a9e3a9a
3468,04aa5d285
3469,04aa6df72
3470,04aaf1822
3471,04ab11d9f
3472,04ab1f9b8
3473,04ab33557
3474,04ab51d87
3475,04ab94e6d
3476,04ac2e721
3477,04ad7adb0
3478,04ada37fa
3479,04adb40f3
3480,04adca5d9
3481,04aeb9593
3482,04aec55a5
3483,04af9a768
3484,04afa06b2
3485,04b0abce6
3486,04b0d8743
3487,04b0ffe5b
3488,04b169253
3489,04b1e141b
3490,04b201eda
3491,04b2189c3
3492,04b22602b
3493,04b2377ff
3494,04b2d8ac7
3495,04b2eb65d
3496,04b33db7e
3497,04b3769fc
3498,04b3e51dd
3499,04b40eab7
3500,04b4341ca
3501,04b4b41fa
3502,04b5936da
3503,04b6fa939
3504,04b6ff919
3505,04b727633
3506,04b747ef6
3507,04b766074
3508,04b8167b0
3509,04b87b176
3510,04b96644a
3511,04b983415
3512,04ba3101d
3513,04ba71eee
3514,04bafd05c
3515,04bb5e3e7
3516,04bb60e78
3517,04bb76f99
3518,04bb8db51
3519,04bcd4622
3520,04bcea254
3521,04bd2e823
3522,04bd8a959
3523,04bda9caa
3524,04be25871
3525,04be269c5
3526,04be68338
3527,04bedafbf
3528,04bf51837
3529,04bfe88e3
3530,04c038523
3531,04c081abb
3532,04c146472
3533,04c165a2c
3534,04c234524
3535,04c257323
3536,04c2b51b9
3537,04c3aee37
3538,04c421876
3539,04c69a89e
3540,04c7a627f
3541,04c80d173
3542,04c840cb4
3543,04c8641f4
3544,04c932cec
3545,04c93d45f
3546,04c99ed09
3547,04ca42ae8
3548,04ca87495
3549,04caef1d3
3550,04cb74d0a
3551,04cb78ef2
3552,04cc0a4cc
3553,04cc44704
3554,04cd3d89a
3555,04cdd371c
3556,04ce44ea6
3557,04ce58693
3558,04cef17a1
3559,04cefef36
3560,04cf4f514
3561,04cf84876
3562,04d023cfc
3563,04d046420
3564,04d06cdf1
3565,04d073e30
3566,04d07f3e1
3567,04d0a3f1b
3568,04d0cec64
3569,04d124045
3570,04d150327
3571,04d274e02
3572,04d28ccdf
3573,04d33ebd4
3574,04d3d8d17
3575,04d405a8f
3576,04d437dbf
3577,04d480ead
3578,04d4a536d
3579,04d4cf71b
3580,04d545a0d
3581,04d582860
3582,04d5ff228
3583,04d69c528
3584,04d6cec41
3585,04d7634bd
3586,04d78ba5c
3587,04d7b82e1
3588,04d7c311d
3589,04d84a019
3590,04d89d4cf
3591,04d8a11c1
3592,04d8aa20b
3593,04d8e55fd
3594,04d97d89f
3595,04db095e9
3596,04db3ae05
3597,04db6449a
3598,04dc4a420
3599,04dc5bbe0
3600,04dc6035c
3601,04dc932f8
3602,04dc9a5c6
3603,04dcb931f
3604,04dd9eb99
3605,04de04966
3606,04de0addc
3607,04de6343c
3608,04de9b6d8
3609,04deaccf5
3610,04dfe4a7a
3611,04e044cd4
3612,04e055a84
3613,04e06880a
3614,04e098984
3615,04e0fcbd1
3616,04e1852fa
3617,04e1cbcd4
3618,04e255396
3619,04e378757
3620,04e3942d8
3621,04e3a06c6
3622,04e401afc
3623,04e44df8e
3624,04e48daa0
3625,04e4f6c62
3626,04e55f87c
3627,04e5ef902
3628,04e618814
3629,04e61c0c1
3630,04e647d11
3631,04e67214a
3632,04e6bbc10
3633,04e6da6a8
3634,04e6eab70
3635,04e6fe69f
3636,04e726188
3637,04e7626b1
3638,04e77332c
3639,04e801302
3640,04e802d30
3641,04e85e6ae
3642,04e8e1ec8
3643,04e99b13b
3644,04e9b0360
3645,04ea22cd7
3646,04ea43044
3647,04ea4f7a3
3648,04ea8b908
3649,04eb19d21
3650,04eb1e8b4
3651,04eb281b0
3652,04eb9a0a4
3653,04ec88233
3654,04ed8bd36
3655,04eda3c4e
3656,04edb3d52
3657,04edb83e9
3658,04eeb1c89
3659,04ef34245
3660,04ef6825b
3661,04efc57c3
3662,04f04f601
3663,04f0768c2
3664,04f0be191
3665,04f0e13cf
3666,04f12c725
3667,04f14279e
3668,04f188e77
3669,04f18bcaa
3670,04f1f4ccc
3671,04f21d8f3
3672,04f2b83e0
3673,04f2d232f
3674,04f300c04
3675,04f320b5f
3676,04f400f81
3677,04f431846
3678,04f435c74
3679,04f4c71c5
3680,04f553ece
3681,04f57fd36
3682,04f591a1b
3683,04f6d31a4
3684,04f6da276
3685,04f6f845d
3686,04f708e6e
3687,04f749f3e
3688,04f7b5b8a
3689,04f7f7c59
3690,04f836aa9
3691,04f85c790
3692,04f8777e8
3693,04f881a7b
3694,04f89ba17
3695,04f979710
3696,04f97be32
3697,04f997497
3698,04f9c52c2
3699,04f9d4d10
3700,04f9d656b
3701,04fa31279
3702,04fab1c98
3703,04fab21d7
3704,04fbeca94
3705,04fbf49e4
3706,04fc10e3f
3707,04fc207ff
3708,04fca6dbe
3709,04fdbe05c
3710,04fdeb5b1
3711,04fded4a3
3712,04fe131e8
3713,04fe13427
3714,04feb271f
3715,04ffdb028
3716,04ffea6f5
3717,05008db82
3718,0500a8fbc
3719,05012c239
3720,05015db40
3721,0501fb1c9
3722,050224872
3723,05024e46a
3724,0502c15e4
3725,0502d4700
3726,0502d7862
3727,050340483
3728,050427788
3729,05042ef6f
3730,0504cebe0
3731,0505379cf
3732,05055686d
3733,050562c13
3734,0505ba156
3735,05066f64b
3736,050697ad6
3737,050724be2
3738,050736d10
3739,0507753bd
3740,0507b1a3b
3741,0508884b0
3742,0508f968a
3743,050a4e26b
3744,050a9f628
3745,050b2db90
3746,050c8e8fb
3747,050ca433c
3748,050cb9250
3749,050d27f53
3750,050d46b30
3751,050dadb83
3752,050eaa2d9
3753,050ebc440
3754,050ec368c
3755,050ef80a1
3756,050f61978
3757,050ff8aaa
3758,051020884
3759,05108cb1b
3760,0510a3765
3761,0510beb50
3762,0511a6dd4
3763,05129fd53
3764,0512d06dc
3765,05131f45f
3766,05132b70b
3767,05139034e
3768,0513e60eb
3769,0513ff21e
3770,05146d6e4
3771,0514c34c0
3772,05150a041
3773,0515125a2
3774,05157495d
3775,051576ffc
3776,0515a1bd2
3777,0515a6a82
3778,0515f2556
3779,051619417
3780,051643460
3781,051674b0b
3782,0516f1e57
3783,051718ca5
3784,05177ea9e
3785,0517f9638
3786,05180106d
3787,05180a8b4
3788,051813265
3789,051852397
3790,0518c1a31
3791,0518dabd3
3792,0518ef045
3793,0519098c0
3794,0519a06e6
3795,051a9d700
3796,051b78c68
3797,051c40bf1
3798,051c574d8
3799,051c9c611
3800,051cb83a2
3801,051cb9730
3802,051cff495
3803,051d7c3f8
3804,051d8a1ae
3805,051dabda1
3806,051dd8fa8
3807,051eb375e
3808,051ed843e
3809,051f6abcb
3810,051fe6403
3811,05201af27
3812,052029b1e
3813,05208a7d5
3814,052180438
3815,052195ff8
3816,05220cde8
3817,052212cd7
3818,052230d00
3819,05224fdcd
3820,052287213
3821,0522a1bbb
3822,0523072ca
3823,0523652ef
3824,0523a43d1
3825,05257947c
3826,0525c4ae3
3827,0525e909c
3828,052622fea
3829,0526868f1
3830,0526bb1ae
3831,0526e0f27
3832,05271eabb
3833,052761326
3834,05276dccb
3835,0527836c6
3836,052799dc1
3837,0527da08f
3838,05281c23d
3839,052826bf3
3840,05283d6db
3841,0528d523d
3842,0528f0737
3843,0529225d2
3844,052a3ad4d
3845,052b1cd55
3846,052b2881a
3847,052b37135
3848,052b4f597
3849,052b64992
3850,052b92d73
3851,052bc532f
3852,052c068ff
3853,052c3735a
3854,052cb8070
3855,052e11b82
3856,052e207a2
3857,052e4338d
3858,052e7427d
3859,052eb5fc8
3860,052f0492b
3861,052f6f3dc
3862,052fa9768
3863,05304de4a
3864,053075c7c
3865,053106dcf
3866,053122bfd
3867,05320baaa
3868,0532abf5e
3869,05334b12c
3870,0534be6bb
3871,05358d2fa
3872,0535e1a6c
3873,0536a1ab7
3874,05371ef02
3875,0537f9892
3876,05384da2b
3877,053899f3d
3878,053933ac1
3879,05399b447
3880,0539a783d
3881,053af774f
3882,053af8581
3883,053b2aee5
3884,053c21a38
3885,053d487a7
3886,053d9487a
3887,053e14cbc
3888,053e573d1
3889,053e596f1
3890,054023d3d
3891,054033035
3892,05405608c
3893,0540b9975
3894,0540d04e0
3895,05412f3ad
3896,0541769b6
3897,05417a156
3898,0542423b0
3899,05426670a
3900,0542830c6
3901,054366c3c
3902,0545076ad
3903,054509274
3904,0545f268a
3905,054617096
3906,0546b8aa7
3907,0546baefb
3908,0546d5473
3909,0546ddce6
3910,054700f4a
3911,05477831b
3912,0547c3d84
3913,0548a8c3e
3914,054915d9d
3915,05497d6ad
3916,054a3efd6
3917,054b37244
3918,054c131de
3919,054cb4d4f
3920,054d1e3fa
3921,054d494d3
3922,054d925bd
3923,054d99b90
3924,054dbd10f
3925,054dc5ab8
3926,054dd5d2d
3927,054e2b982
3928,054fadf93
3929,054fc556b
3930,054ffed4e
3931,05503ed2d
3932,0550547da
3933,0550b8734
3934,0550e5063
3935,055164a2c
3936,0551b0726
3937,055218b9c
3938,055220155
3939,0552324fc
3940,055260ddf
3941,05529c283
3942,0552d0841
3943,0553045de
3944,05533c006
3945,055358b01
3946,055375a33
3947,0553eda55
3948,0554236ae
3949,055475733
3950,05553fcb2
3951,05557010d
3952,055589b75
3953,05583df58
3954,0558a6a16
3955,0558b1ff8
3956,0558dc8d2
3957,0558e0ce9
3958,055947f53
3959,0559492e7
3960,05597c190
3961,0559d2b0a
3962,0559fe598
3963,0559ffd9c
3964,055a31db4
3965,055ac5116
3966,055baa095
3967,055bae148
3968,055bc7c6d
3969,055c30cea
3970,055cc2268
3971,055ceb1c0
3972,055d51a8a
3973,055e0bec4
3974,055e51788
3975,055e781a1
3976,055ef5f73
3977,055f1dab2
3978,055f2b28a
3979,055f42046
3980,055f47326
3981,055f86fe1
3982,055fa499e
3983,056019f5f
3984,056067917
3985,05606d810
3986,056071410
3987,0560b99f4
3988,0560f18de
3989,0561139ff
3990,05613075f
3991,0561576a1
3992,05619d3e4
3993,0562379d6
3994,05632bb2f
3995,056362f49
3996,0563a62cc
3997,0563b1854
3998,0563c9250
3999,0563d1335
4000,0563e97b2
4001,05646aa3b
4002,056487093
4003,0564ae294
4004,0564b16e7
4005,0564cfba0
4006,0564d716b
4007,0565dd193
4008,0565e1ea2
4009,0565f85d9
4010,0566752a3
4011,05669a02a
4012,0566d4d75
4013,0566edf2e
4014,05673bdcd
4015,0567c5e77
4016,056808b7d
4017,05681e655
4018,05682a6ec
4019,056833abd
4020,0568c7bc6
4021,05690c993
4022,056949650
4023,056967982
4024,056a840fc
4025,056ba5c43
4026,056bae49c
4027,056bc7c57
4028,056c03535
4029,056c1db03
4030,056c1ef0d
4031,056c6cf9c
4032,056cc1523
4033,056ce1b3d
4034,056ceda79
4035,056d17e5c
4036,056eb5f50
4037,056f0c0e7
4038,056f0d58d
4039,056f8adc1
4040,0570217ba
4041,057066d2b
4042,0570d661f
4043,0571f84bb
4044,0571fae26
4045,0571ffcfc
4046,05720fdc0
4047,057255eff
4048,05726b74a
4049,0572afaca
4050,0572e4a01
4051,0572efe57
4052,05730c54e
4053,0573164ab
4054,057322e7c
4055,0573861e6
4056,0573c5cbf
4057,05746a118
4058,0574a59b0
4059,0574f4ac6
4060,05753a9b1
4061,05759fca3
4062,0575c8436
4063,0575cbaf9
4064,0575ef4a9
4065,05760ed17
4066,05761391c
4067,0577460a5
4068,05774940f
4069,057750cd0
4070,057799d7f
4071,0577d2780
4072,05781b203
4073,057836607
4074,0578aed6e
4075,0578dd1cb
4076,0578f9a17
4077,057919d38
4078,05796c886
4079,05796f2ad
4080,05799103a
4081,0579a458a
4082,057a98723
4083,057acf4ce
4084,057aea02e
4085,057b369c0
4086,057b3ca3d
4087,057c01e33
4088,057c9c643
4089,057d5c760
4090,057d78b28
4091,057da5bfa
4092,057db7ee9
4093,057df69bf
4094,057e1aa95
4095,057e57d9a
4096,057e90bcf
4097,057ed0d3a
4098,057f5fd01
4099,057f74f3c
4100,057fbfe7e
4101,058061c71
4102,058064e03
4103,0580b46cf
4104,0580e7a46
4105,05810ee5c
4106,05817028c
4107,05817d023
4108,0581a571a
4109,0581b9349
4110,058248c2d
4111,05828714b
4112,05829db7b
4113,0582a568c
4114,0582b6529
4115,05830f425
4116,0583fc50d
4117,05845543c
4118,05845bd83
4119,058465c6b
4120,0584e0750
4121,0584ec11a
4122,05850dec8
4123,0586013b2
4124,0586bf2da
4125,0586cc7eb
4126,058786ec8
4127,058791d2b
4128,0588694f2
4129,0588a93d9
4130,0588c1382
4131,058906b30
4132,058a44001
4133,058a4dff4
4134,058a6d462
4135,058a7bd3a
4136,058aa4880
4137,058aaa3de
4138,058b135b4
4139,058b71474
4140,058b8ee3f
4141,058c5be99
4142,058d3a804
4143,058d48add
4144,058d4d161
4145,058d7728f
4146,058e1e4cc
4147,058ea2827
4148,058eb52c1
4149,058edc2a5
4150,058f5da59
4151,058f62e80
4152,058fac265
4153,058fb2be4
4154,058fb440e
4155,059009161
4156,0590a5baf
4157,0590c84df
4158,0590d2432
4159,05917a5ee
4160,0592d3209
4161,0592ff973
4162,059302e99
4163,05932ba5d
4164,05933211f
4165,05937cd83
4166,05938ed49
4167,0593b38af
4168,0593e41f3
4169,0593e70e8
4170,059484d04
4171,0594d1ac3
4172,0594d535b
4173,0595684d6
4174,059581f0a
4175,0595c9425
4176,0595dd07a
4177,0595e90ed
4178,05961d60e
4179,05962e3a0
4180,059633bfc
4181,059637839
4182,0596d36fa
4183,059805048
4184,0598469a3
4185,059884066
4186,0598e88be
4187,059906139
4188,05990daf9
4189,05991fbd9
4190,0599e6310
4191,059a4215a
4192,059a4294e
4193,059a49a9f
4194,059aa33cd
4195,059abe724
4196,059ac9f9a
4197,059b1e0b0
4198,059b54ca1
4199,059b64948
4200,059b81b21
4201,059b88f61
4202,059baf6f7
4203,059be8f20
4204,059d3d9f8
4205,059d8a8eb
4206,059dc34ed
4207,059e8e2f2
4208,059efa241
4209,059efc2ee
4210,059f03c16
4211,059f2655c
4212,059fb4328
4213,05a012837
4214,05a0b40cb
4215,05a0be85a
4216,05a0ca113
4217,05a0e923f
4218,05a20977a
4219,05a244856
4220,05a249c5d
4221,05a263ca0
4222,05a28dc12
4223,05a319571
4224,05a327710
4225,05a35fd43
4226,05a373151
4227,05a37b5fb
4228,05a39d115
4229,05a3b137e
4230,05a4970a8
4231,05a619370
4232,05a658172
4233,05a6b151e
4234,05a6cbc54
4235,05a6d93c8
4236,05a80f1c4
4237,05a86636b
4238,05a884383
4239,05a8e0005
4240,05a8fc853
4241,05a968513
4242,05a970bfb
4243,05aa10689
4244,05ab49e63
4245,05ab4c9c1
4246,05ab62091
4247,05ac34a14
4248,05adab355
4249,05adb1913
4250,05aeba788
4251,05aed827b
4252,05af1204b
4253,05af6d6c4
4254,05afc51c7
4255,05b06f43a
4256,05b0df131
4257,05b16f8c9
4258,05b20c395
4259,05b287fb4
4260,05b3345de
4261,05b39d33d
4262,05b39fb09
4263,05b3b9b70
4264,05b506fd6
4265,05b5330ef
4266,05b59bd2c
4267,05b5e6075
4268,05b5eb527
4269,05b656448
4270,05b677ca1
4271,05b700d9b
4272,05b768322
4273,05b7c8773
4274,05b7fb9cd
4275,05b892ece
4276,05b8bff01
4277,05b8d8c0a
4278,05b9245e4
4279,05b9387ea
4280,05b9b0149
4281,05b9e2bcb
4282,05b9fd9e7
4283,05ba81309
4284,05ba828ad
4285,05bae60d8
4286,05bb4e0be
4287,05bb9d3bf
4288,05bbed8e3
4289,05bbf33b9
4290,05bcd05b4
4291,05bcf5d24
4292,05bd1d03b
4293,05bd92611
4294,05bded181
4295,05bdfc58f
4296,05be1ba64
4297,05be4a385
4298,05be4ef5d
4299,05bf1fa23
4300,05bf3db82
4301,05bf8040b
4302,05bf8d04a
4303,05bfa336f
4304,05bfb38e4
4305,05c00608f
4306,05c008754
4307,05c03913f
4308,05c05bdfd
4309,05c14c0f3
4310,05c17cd89
4311,05c1b20c7
4312,05c22d0f9
4313,05c22f818
4314,05c25b867
4315,05c2fecd9
4316,05c36350c
4317,05c3ad8c5
4318,05c3ce0ca
4319,05c415425
4320,05c51aa6e
4321,05c54b17d
4322,05c5ccd48
4323,05c5e6772
4324,05c6aefdc
4325,05c763f32
4326,05c8386de
4327,05c8b3c76
4328,05c903b10
4329,05c929e38
4330,05ca08f66
4331,05ca3fbe4
4332,05ca41db2
4333,05ca7052b
4334,05cb0b3ef
4335,05cb47ba0
4336,05cbf870e
4337,05cc32b8d
4338,05cc94662
4339,05cd1374f
4340,05cd39f22
4341,05ce1b22e
4342,05ce5375d
4343,05ce68a8c
4344,05ce880c5
4345,05ceb5b6d
4346,05cecf343
4347,05cf4da8c
4348,05cfc6bfa
4349,05cfee40d
4350,05cff4e22
4351,05d002133
4352,05d09c217
4353,05d0b3317
4354,05d0d0533
4355,05d12ea6b
4356,05d18c9f9
4357,05d1da39b
4358,05d2216f5
4359,05d22326d
4360,05d31f28e
4361,05d3853d5
4362,05d3bcb7f
4363,05d407505
4364,05d44c53d
4365,05d45dfc0
4366,05d4e3fdc
4367,05d50a120
4368,05d523c71
4369,05d530a4c
4370,05d56ba79
4371,05d5d3d93
4372,05d664777
4373,05d676d50
4374,05d7757e9
4375,05d7c6888
4376,05d7cebaa
4377,05d8cfe66
4378,05d9d051f
4379,05d9e0dc6
4380,05da4e9c2
4381,05dab5313
4382,05dacd954
4383,05daddd82
4384,05dae271e
4385,05db01914
4386,05db4e212
4387,05db629bb
4388,05dc081a9
4389,05dc37b52
4390,05dc892e5
4391,05dcaacbf
4392,05dcbbd50
4393,05dce6afc
4394,05dcf535a
4395,05dd466f8
4396,05dd4f73d
4397,05de53b85
4398,05debf11b
4399,05df484b6
4400,05df59549
4401,05dfe589b
4402,05dffe842
4403,05e09c2ab
4404,05e1504c7
4405,05e194872
4406,05e245dfc
4407,05e2a2ec1
4408,05e2f5b38
4409,05e3029ef
4410,05e32a19e
4411,05e337c9c
4412,05e366388
4413,05e37904a
4414,05e39963b
4415,05e40719e
4416,05e482182
4417,05e53739a
4418,05e5b5579
4419,05e5d6736
4420,05e5de81d
4421,05e774368
4422,05e892e8c
4423,05e93bbf5
4424,05e9629ce
4425,05eb022ea
4426,05eb094fc
4427,05eb81f24
4428,05eb8ca18
4429,05ec2404f
4430,05ec2d3da
4431,05ec3f5d1
4432,05ec547c3
4433,05ec69ec8
4434,05ec8abac
4435,05ed5264a
4436,05ed6824c
4437,05ed76502
4438,05edeaec1
4439,05ee80d40
4440,05ee8dc28
4441,05eeb2407
4442,05eebd258
4443,05ef4bf68
4444,05ef64e32
4445,05ef7a103
4446,05f00d6f7
4447,05f071449
4448,05f0a4672
4449,05f0a8d2f
4450,05f1295a6
4451,05f1a8501
4452,05f22bde3
4453,05f286aaa
4454,05f28bd11
4455,05f2ac228
4456,05f36c311
4457,05f3bf9a2
4458,05f3e7968
4459,05f4ec4a1
4460,05f4eef7e
4461,05f53b4d2
4462,05f630168
4463,05f6f48d6
4464,05f77333b
4465,05f7b2d53
4466,05f7fc125
4467,05f8059ee
4468,05f849a40
4469,05f86d9e8
4470,05f8c9760
4471,05f8d490a
4472,05f95bbab
4473,05f96f01a
4474,05f971e02
4475,05f9f07c7
4476,05fa17552
4477,05fa5fdb6
4478,05fa78898
4479,05fa84c11
4480,05faca20c
4481,05fafa7ae
4482,05fafdc26
4483,05fc18f57
4484,05fc1dd32
4485,05fc220b3
4486,05fcab03e
4487,05fd1792a
4488,05fdb3657
4489,05febbf17
4490,05feee2bf
4491,05ff154dc
4492,05ff6cbb8
4493,06009f7b6
4494,0600f8360
4495,06023b170
4496,06027d442
4497,0603d25fa
4498,0603dff84
4499,06042c03e
4500,06049852b
4501,06053bcd2
4502,06058aafc
4503,0605c74f6
4504,06060321c
4505,060617c88
4506,0606ddfec
4507,060709c80
4508,060828e91
4509,0608429e7
4510,060873e9a
4511,060879e39
4512,0608f5362
4513,060905d3b
4514,06095fe93
4515,0609655d2
4516,060989685
4517,060a02512
4518,060ad9802
4519,060adf554
4520,060ba0598
4521,060c45d0d
4522,060c61251
4523,060cd07f7
4524,060d12fb2
4525,060d500bf
4526,060da5393
4527,060daf831
4528,060dd49a5
4529,060df3001
4530,060dfb264
4531,060e333c2
4532,060e35f8b
4533,060ea266e
4534,060f09cbf
4535,060f0c2a5
4536,060f58997
4537,060f6b2e0
4538,061047ae0
4539,061088afd
4540,0610a44fc
4541,0610d5487
4542,0610e4c61
4543,061169ccd
4544,0611c4c65
4545,061331395
4546,06136508c
4547,0613f6a01
4548,0613f87dd
4549,061404477
4550,0614225eb
4551,06142ac67
4552,06145c246
4553,0614be7e4
4554,06150b715
4555,061552c0d
4556,061563c99
4557,06157d332
4558,06159c8b6
4559,0616086e7
4560,0616478b3
4561,061668086
4562,061679ba1
4563,061680e6f
4564,0617210c7
4565,0617554d7
4566,06175efcf
4567,061841ca2
4568,061842b6f
4569,0618d6f64
4570,0618dc91e
4571,0618fd6e4
4572,06194f576
4573,061a414d6
4574,061b1b769
4575,061c019fc
4576,061c9c7d6
4577,061cdc8cd
4578,061d98780
4579,061df5eb2
4580,061e5fc37
4581,061eb9bb3
4582,062003cc2
4583,06200b850
4584,0620b94cf
4585,0620d9c25
4586,06210334e
4587,06213ea66
4588,0621510e0
4589,0621658bc
4590,062216423
4591,0622164b8
4592,0622653db
4593,0622e94fd
4594,06231ab22
4595,06234e2c8
4596,0623788c4
4597,0624271a3
4598,0624c224f
4599,0624ddeef
4600,062662d4e
4601,06272c903
4602,0627701c0
4603,06277c81e
4604,06280cf79
4605,06282ac01
4606,06289a58b
4607,06289ed44
4608,0628da419
4609,0628fa06d
4610,06290f1a4
4611,062939088
4612,0629b5368
4613,0629c95b3
4614,062a66aeb
4615,062a9c0b7
4616,062b283bf
4617,062c18c1e
4618,062d28b76
4619,062d5a233
4620,062d72926
4621,062faea6a
4622,063168ef7
4623,0631a75e7
4624,06320216b
4625,063231b8e
4626,0632569e2
4627,0632d3c0f
4628,063424f26
4629,063483001
4630,063570c57
4631,0636b0ffc
4632,0636c0f3a
4633,063703861
4634,0637502e4
4635,0637db9cd
4636,063823638
4637,06383c601
4638,063851630
4639,0638558a1
4640,063856288
4641,063894fc2
4642,0638ae9ab
4643,0638bfcd0
4644,0638f1bf9
4645,0638f1da2
4646,0639f0cef
4647,063a64b39
4648,063a67ad2
4649,063ab12e6
4650,063b2fd8c
4651,063b40d5b
4652,063b4cf9c
4653,063c4a7b2
4654,063c4aa67
4655,063cf8bd7
4656,063d1f53e
4657,063d35338
4658,063de49ca
4659,063e5628f
4660,063e74f79
4661,063f1ce44
4662,063f38d3a
4663,063f761be
4664,063ff9fb6
4665,06400c8ff
4666,064092758
4667,064121a97
4668,0641b5612
4669,0641bfcd1
4670,06420336d
4671,0642033b2
4672,064205758
4673,06423425b
4674,06428c734
4675,064357c4a
4676,06437fc61
4677,06442c499
4678,06448bc4f
4679,06448bd6f
4680,06455faf9
4681,06470cfbe
4682,064795088
4683,064829bd2
4684,064860b66
4685,06487f4d4
4686,064882777
4687,06490183f
4688,06492c1b2
4689,06499a749
4690,0649cce96
4691,0649e25fe
4692,064a218dc
4693,064a2e216
4694,064a3df19
4695,064a43c14
4696,064a4aa1c
4697,064a523ab
4698,064af7b89
4699,064bd150a
4700,064c11d8e
4701,064c90a6e
4702,064c9539b
4703,064cac2dc
4704,064cca794
4705,064cd8638
4706,064d173b0
4707,064d2af65
4708,064d362ba
4709,064da9db4
4710,064db2f8f
4711,064e16914
4712,064e6b163
4713,064ef591a
4714,064f12aaf
4715,064f2334b
4716,064f683e7
4717,064fc8657
4718,0650555fd
4719,06510b77c
4720,065175a91
4721,06519ce2c
4722,0651a4126
4723,0652e5543
4724,0652f3b14
4725,065383515
4726,0656b25a3
4727,0657084a5
4728,06573fb73
4729,0657903ff
4730,0657e9ecf
4731,06582f44a
4732,0658623f9
4733,0658e6598
4734,0658e764d
4735,06591e372
4736,06595e3ef
4737,065993f7e
4738,06599968a
4739,0659a4a18
4740,0659ba629
4741,0659dc90d
4742,065a783ee
4743,065b06bb3
4744,065b83ad4
4745,065c37052
4746,065c61c1f
4747,065c784db
4748,065ce464a
4749,065d06325
4750,065dc0d2b
4751,065de3f24
4752,065e5494a
4753,065e6e0b4
4754,065eb1c93
4755,065eb557e
4756,065ecfddb
4757,065ef041d
4758,065ef45a8
4759,065f3745e
4760,065fc4ad2
4761,066002116
4762,0660b6ac9
4763,0660f3524
4764,066147ee7
4765,066159288
4766,0661bd382
4767,06622ad80
4768,06627e2ed
4769,066294855
4770,06630e900
4771,0663517b1
4772,066351d6b
4773,066404d10
4774,0664bff8f
4775,06656999e
4776,06664b4c3
4777,066651895
4778,06668844a
4779,06675029c
4780,0667e0e57
4781,0667f6234
4782,0668d4baf
4783,0668fa803
4784,066915a9d
4785,0669200c5
4786,06699a47f
4787,066a10963
4788,066a134c4
4789,066a1a921
4790,066b33936
4791,066b94fe1
4792,066bf5fa0
4793,066c43591
4794,066c4c26e
4795,066c4f75e
4796,066ce7bdd
4797,066cf217d
4798,066d1603a
4799,066d48a63
4800,066d60000
4801,066d6410f
4802,066d7a476
4803,066e0d81d
4804,066e125ae
4805,066ebcb9f
4806,066f18c4b
4807,066f5f378
4808,0670351a6
4809,06703fd16
4810,067047511
4811,0670546b9
4812,06708ffd7
4813,06709073b
4814,0670ff35c
4815,06715e5db
4816,067178faf
4817,0671f1507
4818,067214b22
4819,067265a80
4820,0672b220b
4821,0672c1691
4822,0673140ba
4823,06732c379
4824,0673474f1
4825,06738f98a
4826,06739a9c7
4827,0673b2461
4828,0673c9b3f
4829,06740b19d
4830,067449902
4831,06745033c
4832,06745609a
4833,06755da46
4834,067564aed
4835,0675a8561
4836,0675c96e9
4837,0676bd67d
4838,0676f7f25
4839,06774fdd1
4840,0677784b9
4841,0678317a4
4842,0678d581b
4843,067918b71
4844,06793a8c5
4845,06793fc2f
4846,0679ee547
4847,067a44fc8
4848,067a5291c
4849,067a6dab0
4850,067b52dab
4851,067b7b163
4852,067bf2748
4853,067c22f5c
4854,067ced4a4
4855,067cf190c
4856,067db1201
4857,067f22a10
4858,067f92746
4859,067fbbc06
4860,067ffc853
4861,06807394b
4862,0680964b4
4863,06819a8c8
4864,0681e166f
4865,068258083
4866,0682f1027
4867,06835dd52
4868,06836a215
4869,0683847d6
4870,0683a8b3d
4871,06845b0df
4872,0684fe4dd
4873,0685542ef
4874,06856af58
4875,0685bfce8
4876,068685b48
4877,068690d82
4878,068699cf7
4879,0686eb1f0
4880,0686f5734
4881,0687ac51b
4882,06881c40f
4883,0688904ce
4884,068969029
4885,068a2ce6c
4886,068a4fffa
4887,068a5a80e
4888,068ad5dcc
4889,068b32103
4890,068b49324
4891,068b6ef71
4892,068b906b8
4893,068b9928a
4894,068c5aa20
4895,068c8dfb5
4896,068c979f9
4897,068cba1ab
4898,068cc4566
4899,068da9f72
4900,068df93f2
4901,068e406c0
4902,068e7e7eb
4903,068f2a127
4904,068fe941c
4905,069004546
4906,069049ec6
4907,0690cb5c8
4908,0690d1c79
4909,069115680
4910,069137f77
4911,06915a6ca
4912,06918eb4b
4913,06919997a
4914,0691a7b27
4915,0691c62f2
4916,0691db214
4917,069209911
4918,069209ea6
4919,06924ae42
4920,069266525
4921,0692a5ed1
4922,0692c75b0
4923,0692efe4f
4924,069304849
4925,069353f9d
4926,069369749
4927,069413cf8
4928,069421196
4929,0694a75aa
4930,0694e242a
4931,06952cc02
4932,06953a116
4933,0695aa26f
4934,069627f0f
4935,06965926a
4936,06965c44d
4937,069740eed
4938,0697b5c83
4939,0697b639a
4940,0697e0958
4941,069813b2d
4942,06981d72f
4943,06985f022
4944,0698964e1
4945,0698a11da
4946,06991420e
4947,069a2de93
4948,069abd24c
4949,069af94a0
4950,069c6451a
4951,069cb7311
4952,069cce01e
4953,069ceb1fc
4954,069de685d
4955,069e13062
4956,069e1904d
4957,069e24630
4958,069e3d0e6
4959,069e460c0
4960,069e64cd1
4961,069f2fcfb
4962,069fc657b
4963,069fcaade
4964,06a02e123
4965,06a063aa3
4966,06a12f7c8
4967,06a169188
4968,06a16c3fe
4969,06a185d90
4970,06a1962ef
4971,06a1b0ec4
4972,06a1f45a9
4973,06a3307b9
4974,06a378369
4975,06a3fa22a
4976,06a47ffc2
4977,06a55557c
4978,06a5a3e13
4979,06a6419ea
4980,06a6b4a48
4981,06a7073d5
4982,06a722a43
4983,06a773a82
4984,06a77d477
4985,06a793fe3
4986,06a837630
4987,06a84bbc7
4988,06a84fc61
4989,06a8d2a43
4990,06a91c9de
4991,06a964601
4992,06aa6b0bd
4993,06aaeb61e
4994,06ab7c069
4995,06ab7ff7a
4996,06abc6a78
4997,06abdd860
4998,06abfda2f
4999,06ac740b9
5000,06ac74ca0
5001,06acdb985
5002,06ad2c23c
5003,06ad4f126
5004,06ad5abcd
5005,06ad938a7
5006,06ae20232
5007,06ae26033
5008,06ae28f41
5009,06ae52626
5010,06ae58c95
5011,06ae88049
5012,06af350f4
5013,06af429bd
5014,06afaa77d
5015,06b025dd7
5016,06b116d11
5017,06b152f8c
5018,06b153aca
5019,06b1f1107
5020,06b3bd3bc
5021,06b3cf4cf
5022,06b4a3678
5023,06b4b0453
5024,06b581156
5025,06b5c5cb6
5026,06b5f1274
5027,06b61de51
5028,06b67a639
5029,06b6b6570
5030,06b77372c
5031,06b77722c
5032,06b7997d7
5033,06b840a1f
5034,06b84966d
5035,06b8c3648
5036,06b8d41b1
5037,06b9d7116
5038,06b9f54c7
5039,06bacfd3b
5040,06bb4745a
5041,06bb4c8f2
5042,06bc5d3c9
5043,06bc8167b
5044,06bc8947e
5045,06bcdc372
5046,06bd55aea
5047,06bdd1800
5048,06be62b90
5049,06be98fae
5050,06bf449af
5051,06c02f4e0
5052,06c0659c2
5053,06c078907
5054,06c173385
5055,06c2c10b1
5056,06c2d8924
5057,06c2e3225
5058,06c302dc8
5059,06c3737c6
5060,06c383fdc
5061,06c3e5784
5062,06c42c99c
5063,06c4a9ff6
5064,06c5410a2
5065,06c5aa6e0
5066,06c6a0cf0
5067,06c6a10c0
5068,06c6dfed2
5069,06c73112f
5070,06c77cd67
5071,06c7f869c
5072,06c80dc94
5073,06c8528d6
5074,06c880a4c
5075,06c8ba3b5
5076,06c9a2617
5077,06ca20ea3
5078,06ca46d36
5079,06cb04622
5080,06cb32197
5081,06cb4e88b
5082,06cb7364c
5083,06cc24972
5084,06ccf1635
5085,06ce27817
5086,06ce29376
5087,06ce6e70f
5088,06ce7604f
5089,06ce7986e
5090,06cf15657
5091,06cf5f969
5092,06cf88413
5093,06cfdd205
5094,06cfdd3aa
5095,06d0360d2
5096,06d04e96c
5097,06d09b11f
5098,06d2591d5
5099,06d298a22
5100,06d2f2133
5101,06d316cf0
5102,06d405fde
5103,06d4736e7
5104,06d4a096f
5105,06d4be144
5106,06d4d29bb
5107,06d4ead71
5108,06d594635
5109,06d5a7b09
5110,06d5f3213
5111,06d6378e0
5112,06d761da3
5113,06d76b136
5114,06d775f77
5115,06d77cc33
5116,06d7d3d0b
5117,06d90df7d
5118,06d9b677b
5119,06d9ccc22
5120,06da8e0ab
5121,06daf8892
5122,06db2136f
5123,06db6422a
5124,06dbea359
5125,06dbeeb74
5126,06dc7b7e3
5127,06dced3a2
5128,06dd3e135
5129,06de953c6
5130,06df0ad07
5131,06df16a68
5132,06df671cc
5133,06df94692
5134,06dfb3cd7
5135,06dfbb17c
5136,06dfd1b87
5137,06dffa53d
5138,06e00c02c
5139,06e02fbde
5140,06e0856e1
5141,06e107055
5142,06e26f8a8
5143,06e27876d
5144,06e28bdda
5145,06e2bd741
5146,06e2c208c
5147,06e378f8f
5148,06e3a2388
5149,06e3fca25
5150,06e40efe4
5151,06e41b35b
5152,06e482957
5153,06e4e06bb
5154,06e50168c
5155,06e552ffc
5156,06e598746
5157,06e6637f6
5158,06e6c1475
5159,06e74c128
5160,06e7c5ef3
5161,06e7e89da
5162,06e816c07
5163,06e8d44ef
5164,06e91b242
5165,06e9c077d
5166,06ea418b4
5167,06eaa3d2d
5168,06eab0d9e
5169,06ec3a1eb
5170,06ecef41c
5171,06ed17e09
5172,06ed27924
5173,06ed80117
5174,06ed98063
5175,06edcfccd
5176,06eec5d48
5177,06eecaf0d
5178,06eefea23
5179,06ef55158
5180,06f01a9e2
5181,06f08d854
5182,06f0e21f6
5183,06f17555f
5184,06f1f745c
5185,06f21f879
5186,06f23c006
5187,06f2c5981
5188,06f2fba0f
5189,06f4a8853
5190,06f4ba90f
5191,06f4cc8c7
5192,06f4ef7c2
5193,06f52809b
5194,06f52d783
5195,06f65856d
5196,06f678426
5197,06f6dfb49
5198,06f746913
5199,06f88b801
5200,06f8a3862
5201,06f8fde86
5202,06f92b952
5203,06f9395f4
5204,06f96e739
5205,06f9abd2f
5206,06fabf390
5207,06fb725ec
5208,06fb9ce49
5209,06fc1426e
5210,06fc980db
5211,06fca7a3f
5212,06fccf420
5213,06fdbf61d
5214,06fe2c67c
5215,06fe43ec3
5216,06fea728d
5217,06feb1557
5218,06fed3cf7
5219,06fed7970
5220,06ff16254
5221,06ff1e2df
5222,0700a2367
5223,0700b8501
5224,0700f2069
5225,070151610
5226,0702068a9
5227,070285c4d
5228,0702af63f
5229,070326e53
5230,070338c27
5231,070350287
5232,070354eaf
5233,0703b4d7d
5234,0703e9cd8
5235,0703eddd8
5236,070431486
5237,07046090e
5238,07047061d
5239,07047cef1
5240,0704a11cb
5241,07050211c
5242,0705668c2
5243,070571ec0
5244,070598116
5245,0705b78a6
5246,0706171a7
5247,07066de36
5248,07079a85a
5249,07080028a
5250,070863ad1
5251,0708c7b87
5252,07093c8bd
5253,07097d1bd
5254,0709d5927
5255,0709e010f
5256,0709ed961
5257,070a1b7e1
5258,070a52d79
5259,070a69348
5260,070a8faac
5261,070aa448d
5262,070afd23d
5263,070b58f4a
5264,070bcc923
5265,070c8b8cf
5266,070d37c1e
5267,070d4392b
5268,070db5bb9
5269,070e6d2b7
5270,070ecde2a
5271,070f308e5
5272,070f49afc
5273,070f8ed05
5274,07105c5d0
5275,071086a91
5276,0710ef74f
5277,0710f62f8
5278,071106793
5279,071120c41
5280,071127598
5281,07117bfaa
5282,0711c0bb2
5283,0712a9f82
5284,07131d442
5285,07136ea62
5286,071385874
5287,071393d53
5288,0713a0c57
5289,0713a52d3
5290,0713f42e6
5291,0713ff816
5292,0714173fd
5293,071484fb0
5294,07150a92b
5295,071538d81
5296,07168c86c
5297,07174729f
5298,0717ac484
5299,0718544fc
5300,07187f965
5301,0718d6b75
5302,071928184
5303,07199304a
5304,071aa6ab2
5305,071af48a2
5306,071b7be97
5307,071b95509
5308,071ba9ee1
5309,071be1a26
5310,071c39f40
5311,071c912ab
5312,071cc1341
5313,071d041c8
5314,071d53b19
5315,071d5f84f
5316,071d7f9b2
5317,071ddae0b
5318,071e2fc8e
5319,071e30db5
5320,071ed35bd
5321,071f2d18a
5322,071f3c419
5323,071f7e9f2
5324,071fd2366
5325,07205f6ed
5326,07209484c
5327,072097267
5328,0721adf08
5329,0721b5b9f
5330,0721e4c94
5331,072238ac7
5332,07225a06b
5333,0722ad384
5334,07239f63c
5335,0723f0a6f
5336,0723fc861
5337,072423155
5338,07245dc68
5339,0724b82c6
5340,072512c54
5341,0725a67db
5342,0725d4b35
5343,0727155d8
5344,07276e8c3
5345,0727b2567
5346,072889c66
5347,0728a5783
5348,0728ade45
5349,0728bbc79
5350,07292fce0
5351,072930f71
5352,072a88c3b
5353,072b090c3
5354,072bc0be9
5355,072c6a52f
5356,072ccbebd
5357,072cd67a6
5358,072d10c01
5359,072d8cb01
5360,072da0e77
5361,072ded416
5362,072e1a687
5363,072eb2277
5364,072ec8f4a
5365,072ed6b55
5366,072eefc02
5367,072f3bf31
5368,072fa00a0
5369,072fa220f
5370,072fe9f8a
5371,07309177a
5372,07311bd80
5373,07312f963
5374,07314a67a
5375,0731576f7
5376,0731687b0
5377,0731d41dc
5378,0731e54a9
5379,0732354ca
5380,0732ace2d
5381,073412661
5382,07344868d
5383,073567617
5384,07356d733
5385,07358ca4c
5386,0735c1a30
5387,0735ef05b
5388,073666f65
5389,0736e45de
5390,0738385ca
5391,0738aab85
5392,07398c67b
5393,0739f9b04
5394,073a2f245
5395,073a2fa9a
5396,073a96317
5397,073b69d9d
5398,073bc6179
5399,073beb758
5400,073c517bb
5401,073c6dfe8
5402,073cc73d2
5403,073db706c
5404,073e301a4
5405,073e87447
5406,073eb4b22
5407,073ec10a2
5408,073ec2a86
5409,073f81036
5410,07404f805
5411,0740507ad
5412,0740c5a54
5413,074152890
5414,0741aa24a
5415,074230e0b
5416,074326a1c
5417,074380460
5418,0743972f4
5419,074405321
5420,07442d2ab
5421,0744b4f5c
5422,07459e1a7
5423,0745b48a8
5424,0745d3cf2
5425,07468075b
5426,0746f01a8
5427,07473fb6f
5428,07474021d
5429,074761093
5430,074782a50
5431,0747d6d11
5432,0748eca89
5433,074904f88
5434,074ac41f3
5435,074b31f40
5436,074c02535
5437,074ca1196
5438,074ccf06f
5439,074cdd370
5440,074d7b4a1
5441,074e3acb8
5442,074e9c4f6
5443,074f06d7a
5444,074f4c2e8
5445,074f86374
5446,074f8e1fc
5447,074ff8955
5448,075112b7f
5449,075198eb6
5450,075269980
5451,0752ce0e8
5452,07536c7f9
5453,0753c1575
5454,0754091b4
5455,0754cd678
5456,0755262ff
5457,07558b5fc
5458,07563ada3
5459,07567264d
5460,075790cc7
5461,0758b1d96
5462,0758fd6a0
5463,075a9437d
5464,075aded22
5465,075ae809b
5466,075c5a0d6
5467,075ca441b
5468,075cf9958
5469,075d6f242
5470,075d7bd82
5471,075d8b6a7
5472,075da2262
5473,075ee9591
5474,075f3cc78
5475,075f4ba97
5476,075f59258
5477,075f97d15
5478,075ffcec9
5479,07605d36c
5480,07605f952
5481,0760699e3
5482,07608336b
5483,076099e86
5484,0760d7a0e
5485,076181465
5486,076189fb6
5487,0761ceed0
5488,0761dc8a8
5489,0761de7f3
5490,07627530c
5491,07629d81a
5492,0762b4b78
5493,076315664
5494,07635d5b0
5495,07636b4af
5496,0763f368a
5497,0763f5c98
5498,07642eeef
5499,0764390dc
5500,07645e41b
5501,07646b7ec
5502,0764f1b86
5503,07654f5ba
5504,07658c546
5505,0765f5301
5506,07662d712
5507,076672fef
5508,0766d9e4e
5509,076720552
5510,076786378
5511,0768040b7
5512,0768f5366
5513,076900f85
5514,07693c584
5515,076965482
5516,07696c380
5517,07699da28
5518,0769cc22b
5519,0769de3e2
5520,076a12cd9
5521,076a8bff9
5522,076a91663
5523,076b00a3c
5524,076b2074e
5525,076b30400
5526,076b8dce4
5527,076c2660a
5528,076c559dd
5529,076c7b47f
5530,076c8b58e
5531,076caec40
5532,076cd5462
5533,076cd8de6
5534,076d1b448
5535,076d5b251
5536,076dd5527
5537,076fa0d21
5538,0770091d1
5539,07700f1e9
5540,07702fd85
5541,07704b4a9
5542,077059411
5543,077063bd8
5544,077081b9e
5545,0770de234
5546,07711b5de
5547,0771d2167
5548,0771e2a83
5549,07727aaef
5550,0772d1579
5551,077333d68
5552,0773d8cc3
5553,0774868a7
5554,077491b5f
5555,0774a1f5d
5556,0774bb1bf
5557,0774be014
5558,0774f55c7
5559,077501d84
5560,0775a493c
5561,0775c8736
5562,0775e2aec
5563,07762022e
5564,077723f61
5565,0777394a5
5566,07773a308
5567,0777510c4
5568,0777ac751
5569,0777bbc6a
5570,077944588
5571,077945dc0
5572,0779bb2df
5573,077a4c8da
5574,077ab7e65
5575,077abde17
5576,077b211c3
5577,077c2e076
5578,077c56f1d
5579,077cf4182
5580,077d0d181
5581,077dd0882
5582,077dd27d2
5583,077df1177
5584,077e088bd
5585,077e1a45a
5586,077e23bea
5587,077e2aaa7
5588,077ec5aa9
5589,077ed0256
5590,077ee8112
5591,077f06ffa
5592,077f24a16
5593,077f59760
5594,077f850ea
5595,078024b9f
5596,07810324a
5597,07813105a
5598,078185d79
5599,07826229b
5600,0782624cd
5601,0783d9221
5602,0783f215f
5603,0784c1bd5
5604,0784fc93a
5605,0784fed5f
5606,078506a21
5607,07854e552
5608,078562a89
5609,0785ad7cc
5610,078615524
5611,07861fa6b
5612,078672161
5613,0786d1e5b
5614,0788d69af
5615,078943649
5616,07895ea09
5617,078990be8
5618,078ac290c
5619,078aefb67
5620,078b0d790
5621,078b99489
5622,078beb507
5623,078c38252
5624,078c3e4e6
5625,078c6fbec
5626,078d3a7d4
5627,078d94272
5628,078db4587
5629,078dedb1b
5630,078e5c5e9
5631,078e77cd6
5632,078ef43a8
5633,078fa8935
5634,078fd8c79
5635,079002f0c
5636,079052296
5637,079059624
5638,079084e85
5639,079123691
5640,07912c60a
5641,079225760
5642,079259bf7
5643,07928557c
5644,07929ce96
5645,0792e3d19
5646,07933a47c
5647,079376701
5648,0793d1f8b
5649,0794147d1
5650,07941c86a
5651,079433716
5652,0794c652e
5653,07956af07
5654,07968babb
5655,0796f3204
5656,0796f36d9
5657,0796fc3fc
5658,079704d4b
5659,07971d28a
5660,07971ea1e
5661,079721dcd
5662,07976cc61
5663,079781e7a
5664,0797e9869
5665,07981f763
5666,079823a6b
5667,07982694c
5668,07987cdc3
5669,0798de623
5670,0798de735
5671,0799213f6
5672,079993b5c
5673,0799ae77c
5674,0799e11fc
5675,079ab4b37
5676,079b24437
5677,079b345be
5678,079b73e6d
5679,079b8e2ff
5680,079bb0b5c
5681,079c06e66
5682,079c67d99
5683,079ca3eb7
5684,079cdb9e7
5685,079d75f3d
5686,079d7c41b
5687,079e00de5
5688,079e0619d
5689,079e5d32e
5690,079e73c87
5691,079e80600
5692,079e9e380
5693,079f165f0
5694,079f63e63
5695,079f8b41f
5696,079fee266
5697,07a03de23
5698,07a0a9e79
5699,07a11dda6
5700,07a184f2d
5701,07a1b3ee6
5702,07a1b43d4
5703,07a205a86
5704,07a263d36
5705,07a323c79
5706,07a372cf7
5707,07a3a07bf
5708,07a3b33aa
5709,07a3ce085
5710,07a424e94
5711,07a4ea49e
5712,07a501598
5713,07a51e93d
5714,07a53a6c2
5715,07a5d990c
5716,07a68f30c
5717,07a6911c8
5718,07a6c82db
5719,07a6f6f73
5720,07a763f2d
5721,07a772217
5722,07a8a5599
5723,07a8ae5ab
5724,07a8c25de
5725,07a934e89
5726,07a9356d5
5727,07a9bb435
5728,07a9bbe25
5729,07a9d7fa7
5730,07a9fea70
5731,07aa0c335
5732,07aa49475
5733,07aa72c72
5734,07aa9c5d9
5735,07aadc7ce
5736,07aaf0d46
5737,07ac09e54
5738,07acd2e3c
5739,07ad21001
5740,07ad351f7
5741,07ad35555
5742,07ae18c20
5743,07ae418d7
5744,07ae43e7a
5745,07ae4d4f9
5746,07ae92b4f
5747,07aea24d5
5748,07aea9b70
5749,07aec6a36
5750,07af36be9
5751,07afa276d
5752,07b013896
5753,07b0625ec
5754,07b070e2b
5755,07b099580
5756,07b0f1a76
5757,07b11b63c
5758,07b14741a
5759,07b18bd82
5760,07b27ab79
5761,07b27e794
5762,07b27f307
5763,07b2ce737
5764,07b2d61a4
5765,07b2e93a8
5766,07b40a6cc
5767,07b65b59a
5768,07b6fc658
5769,07b771d64
5770,07b778b03
5771,07b7a2375
5772,07b81fb99
5773,07b82a062
5774,07b86b5e0
5775,07b8d8843
5776,07b90af59
5777,07b94d9a6
5778,07b970114
5779,07b984057
5780,07b9a99ff
5781,07b9d7eee
5782,07ba0d23f
5783,07ba3ad1f
5784,07badc893
5785,07bb46ca2
5786,07bb53be1
5787,07bb6204c
5788,07bb6b6fb
5789,07bb9488f
5790,07bbb1bb8
5791,07bbb2559
5792,07bc5f15a
5793,07bd950b8
5794,07be09f79
5795,07be130af
5796,07be35899
5797,07be8ff39
5798,07bf0c1a2
5799,07bf13cea
5800,07bf1eb28
5801,07bf2f27d
5802,07bf99262
5803,07bfafc44
5804,07c0188e9
5805,07c030016
5806,07c0711a1
5807,07c161077
5808,07c1d5e62
5809,07c1ff638
5810,07c230155
5811,07c2b31ec
5812,07c2f6b45
5813,07c342147
5814,07c34a0cb
5815,07c3a78a0
5816,07c3e40e8
5817,07c42cefe
5818,07c43f221
5819,07c58611e
5820,07c624683
5821,07c63fdbb
5822,07c65d17a
5823,07c73a1ef
5824,07c76ec1d
5825,07c7739f7
5826,07c7918c3
5827,07c79b527
5828,07c7d0f65
5829,07c7e8a49
5830,07c860fb3
5831,07c8687fd
5832,07c8b25ea
5833,07c918301
5834,07c9717f8
5835,07c9791f6
5836,07c9df624
5837,07ca14a36
5838,07ca9d73e
5839,07cad41a1
5840,07cb7f032
5841,07cc0d1cf
5842,07cc5a387
5843,07cc60929
5844,07cc62896
5845,07cc687cc
5846,07ccc5fd9
5847,07ce1af81
5848,07ced4c62
5849,07cf5f114
5850,07cfe3d06
5851,07d05e8fb
5852,07d0cd9ff
5853,07d12759a
5854,07d140e1c
5855,07d167ae2
5856,07d174998
5857,07d187387
5858,07d1b4687
5859,07d23004f
5860,07d26e68c
5861,07d2d6ef1
5862,07d2dcadc
5863,07d3627e3
5864,07d38044c
5865,07d3a7eb7
5866,07d48b843
5867,07d5ac0c7
5868,07d641b22
5869,07d67474d
5870,07d7656a7
5871,07d77705c
5872,07d7c2fe9
5873,07d7ecd3f
5874,07d835ddf
5875,07d844f56
5876,07d877f18
5877,07d92f16c
5878,07d98be22
5879,07d98deca
5880,07d9ed7ba
5881,07da559c9
5882,07daa4ffd
5883,07daeb0bd
5884,07db38b1d
5885,07db4b9b5
5886,07db8a17a
5887,07dbf2131
5888,07dd1d6f6
5889,07dd2672d
5890,07dd50bbe
5891,07dd95459
5892,07dd9789d
5893,07de18d72
5894,07de27733
5895,07de90208
5896,07dec1307
5897,07df42896
5898,07df66847
5899,07dfb0ead
5900,07e00c3b5
5901,07e01e9f6
5902,07e0621e0
5903,07e0f0bc1
5904,07e11cd1e
5905,07e188b3e
5906,07e1bddfd
5907,07e1e1039
5908,07e25ec80
5909,07e2babff
5910,07e307fb7
5911,07e33ab4b
5912,07e353e06
5913,07e3a2d60
5914,07e413d79
5915,07e4717b0
5916,07e514283
5917,07e5479f5
5918,07e6a56ed
5919,07e6de203
5920,07e80bd6f
5921,07e8405fc
5922,07e8896d6
5923,07e967fb8
5924,07e9e0ec7
5925,07ea68d65
5926,07eaf3256
5927,07eafcddb
5928,07eafdb25
5929,07eb0d334
5930,07ebca679
5931,07ec57541
5932,07ed2738c
5933,07edc7f14
5934,07ee05309
5935,07ee37158
5936,07ee6e988
5937,07ee891b2
5938,07ef204c5
5939,07ef6c021
5940,07ef80509
5941,07ef87151
5942,07efb922b
5943,07f030f97
5944,07f127d05
5945,07f15a1e9
5946,07f18050b
5947,07f1966b8
5948,07f1f40f6
5949,07f251043
5950,07f29b434
5951,07f29f0ae
5952,07f2a4fe0
5953,07f2eb42a
5954,07f304393
5955,07f30f810
5956,07f36e95e
5957,07f3fd1f7
5958,07f497255
5959,07f4d7f2c
5960,07f5077e4
5961,07f519977
5962,07f51b6dd
5963,07f532006
5964,07f537993
5965,07f55061c
5966,07f567c9d
5967,07f5c23b9
5968,07f631e43
5969,07f6bb850
5970,07f6c3bc0
5971,07f6cdd41
5972,07f7102f0
5973,07f723384
5974,07f788267
5975,07f7bdc99
5976,07f7c9615
5977,07f82abab
5978,07f9d7c62
5979,07f9e9502
5980,07fbd1c99
5981,07fbf1523
5982,07fbf59bd
5983,07fc3751a
5984,07fc460c9
5985,07fcb61fc
5986,07fd2114b
5987,07fd3e572
5988,07fdd99a7
5989,07fddbe8e
5990,07fdf584c
5991,07fe493e9
5992,07fe515cd
5993,07fe94247
5994,07ff4084e
5995,07ff4715a
5996,07fffed44
5997,08004130f
5998,0800534e4
5999,08008bee4
6000,080093fcf
6001,0802c6c3c
6002,0802cda5e
6003,0802d0a7b
6004,080334c8e
6005,080348c88
6006,08034bace
6007,08036c9eb
6008,080395109
6009,0803b5b62
6010,0803beeca
6011,0803e1a5e
6012,0804361ed
6013,08047ca18
6014,0804e3632
6015,080511c3c
6016,0805b1f4b
6017,0805b6fb0
6018,0805f65bc
6019,08067835f
6020,080691701
6021,0806bf10f
6022,0806dd199
6023,08072e1cb
6024,0807d5416
6025,0808041a5
6026,08082fe1f
6027,080840b6d
6028,080866c44
6029,0808a5060
6030,080953105
6031,080960f12
6032,0809757f8
6033,08099536a
6034,080a372af
6035,080a52ead
6036,080acb97a
6037,080af7cc4
6038,080b1f819
6039,080bad9b8
6040,080bebade
6041,080c9293c
6042,080cae745
6043,080cdd92d
6044,080cf3003
6045,080d1fb2a
6046,080d9ae0e
6047,080de7598
6048,080e36c86
6049,080e90ed4
6050,080f0ee90
6051,080f1f692
6052,080f5c8e3
6053,080f7a2b8
6054,080fb7d77
6055,080fc5847
6056,080fcaa0f
6057,080fcb3e1
6058,08104f369
6059,08108178a
6060,08109ce56
6061,0810d05c5
6062,081132797
6063,08114af61
6064,081170cea
6065,0811d4f13
6066,0811f0a76
6067,0811faa7d
6068,0811fb328
6069,08130f472
6070,081321c92
6071,0813a8920
6072,08140c55d
6073,0814103f8
6074,08141fb7e
6075,08144f26b
6076,0814afa94
6077,081674331
6078,0816c243b
6079,0816d8328
6080,081753306
6081,08177d4a5
6082,0817e10f0
6083,08187cfa1
6084,0818a8212
6085,0818ba4bb
6086,0819321b7
6087,08195126b
6088,081978e85
6089,08199c617
6090,0819d02ec
6091,0819ebd5c
6092,081a4874c
6093,081ae660d
6094,081b372b7
6095,081b7aa66
6096,081c540e0
6097,081cd2bdc
6098,081d1ac5f
6099,081e16c7b
6100,081e2c42e
6101,081e71018
6102,081e8c382
6103,081ef399a
6104,081f066cd
6105,081f18f88
6106,081f42fbe
6107,081f4374b
6108,081f87396
6109,081fc0683
6110,081fe0fdb
6111,08203d2af
6112,0820be806
6113,082107dc9
6114,082157d7c
6115,08216b410
6116,08218d8a0
6117,0821a6de5
6118,0822490be
6119,0822ccb25
6120,0822f70d9
6121,082326400
6122,082369109
6123,08236a42f
6124,08238e53e
6125,0823a4b94
6126,0823fe7f3
6127,0823fef30
6128,082404a84
6129,082410374
6130,08241b471
6131,08242a82c
6132,0824370da
6133,08248a7e1
6134,082491a27
6135,082521a9b
6136,0825c397e
6137,08261dce5
6138,082637ae4
6139,082695de5
6140,0826f9696
6141,08273e6a4
6142,082784cf3
6143,0827915d5
6144,0828a5a74
6145,0828cc9ce
6146,08291d0a8
6147,0829559cb
6148,08296e04b
6149,0829ace69
6150,0829cb46f
6151,0829f2b91
6152,082a0ec75
6153,082a12097
6154,082a8afe1
6155,082abd6b5
6156,082ac1c30
6157,082b22a41
6158,082c2c064
6159,082cca097
6160,082d0aa42
6161,082d5fe95
6162,082d65bfa
6163,082d7b5e6
6164,082db7c20
6165,082e3e6c0
6166,082e5e6f0
6167,082e69370
6168,082e7130f
6169,082ebe422
6170,082ec2e09
6171,082ee565d
6172,082ef880e
6173,082efb129
6174,082f2d2fc
6175,082f551da
6176,082fdf12c
6177,083054220
6178,083060968
6179,083074d8c
6180,0831c6744
6181,083204ec4
6182,083370c18
6183,08339ec72
6184,08342216b
6185,0834bb563
6186,083506612
6187,08360ba8e
6188,0836642f7
6189,083693f60
6190,083725100
6191,08372c55f
6192,08372c96a
6193,08375d6c2
6194,08376ecdb
6195,08378a9bb
6196,0837e3015
6197,0838a0fe8
6198,0839bd08f
6199,0839f5cd6
6200,083a39dc9
6201,083a42e6d
6202,083a77816
6203,083a7b330
6204,083bde7b2
6205,083c79cf2
6206,083cb8ddc
6207,083d0b841
6208,083dc8ebb
6209,083e052ac
6210,083f970e7
6211,083f989ac
6212,0840630df
6213,0840a060b
6214,0840b3d3c
6215,084100d84
6216,08418fc28
6217,0841b37f8
6218,08423a78b
6219,084291b71
6220,084297845
6221,0842ab9b0
6222,0842ed930
6223,0842f87ec
6224,0843a55a2
6225,0844c4db0
6226,084501564
6227,0845c0106
6228,0845eea1d
6229,08461ddca
6230,0846254b2
6231,08464eedb
6232,08469bf08
6233,0846c1f88
6234,08478a5bd
6235,08486279b
6236,0848929d0
6237,0848ab59d
6238,0848ac891
6239,0848c1852
6240,084ab9714
6241,084ae36f5
6242,084b00890
6243,084b6167d
6244,084b813c7
6245,084bd194f
6246,084bd625d
6247,084e46fab
6248,084eb5d99
6249,084eb975b
6250,084f218ed
6251,084f6c183
6252,084fff967
6253,085033de7
6254,08505e516
6255,0850b2a41
6256,0850d1733
6257,08520b929
6258,085214b43
6259,0852bb600
6260,085356067
6261,0853708e9
6262,085404ca7
6263,08540ad35
6264,08545a067
6265,08546e92c
6266,08548258e
6267,085499bbd
6268,0854dd33a
6269,08557e703
6270,0855895cc
6271,0855a74df
6272,0855b129a
6273,08565b7c1
6274,085697fdb
6275,085708978
6276,08578639d
6277,0857cb463
6278,0857e22d8
6279,085946534
6280,08595bc61
6281,08598f615
6282,085997f5f
6283,085a102d1
6284,085a4de99
6285,085ab56b2
6286,085ab5f18
6287,085aef9d5
6288,085b0fa3f
6289,085b10d78
6290,085b5930d
6291,085be9be6
6292,085ccb700
6293,085cf04ac
6294,085d769eb
6295,085dd7cd0
6296,085e0487c
6297,085f52871
6298,08603108b
6299,08606a74e
6300,08607fabb
6301,08611c8b1
6302,08619332d
6303,086277dcb
6304,08628a6c9
6305,0862b3207
6306,086307a36
6307,08636a622
6308,0863b0b60
6309,0863b70ec
6310,0863c3c9e
6311,0863d0ee2
6312,08646f83e
6313,08648bcfb
6314,0864fce3a
6315,0864ffd70
6316,0865b2a4a
6317,0865c2944
6318,0865c9b75
6319,0865d8170
6320,0866bebef
6321,0867a625f
6322,0867c62e7
6323,0867c80ff
6324,0867cdc22
6325,0868fee5c
6326,0869174a3
6327,08692dd80
6328,08699f1d4
6329,0869f92c0
6330,086be3492
6331,086d26457
6332,086d7902c
6333,086e40c63
6334,086ec5d3c
6335,086f39f86
6336,086f8470c
6337,086f8caa9
6338,086ffab1d
6339,087026a80
6340,08705f8b1
6341,087064b54
6342,087072320
6343,08717e987
6344,0871ba8ad
6345,0871e4988
6346,087206bc4
6347,08725485e
6348,0872669d4
6349,08726c0a0
6350,087270608
6351,08742b3ec
6352,08745a1a4
6353,0874d4854
6354,08751b117
6355,087554bf8
6356,0875bae08
6357,0875e5bd7
6358,087606e41
6359,08764d5e7
6360,087744857
6361,0877f68a5
6362,087803d33
6363,0878416d0
6364,08787efb0
6365,0878ba05f
6366,0878bcf4d
6367,0878ca34d
6368,0878f68c2
6369,08790149a
6370,08791fe7f
6371,0879afa92
6372,087a0c728
6373,087a21b0a
6374,087a86e92
6375,087ab2be6
6376,087ae876b
6377,087b798ae
6378,087b8ac50
6379,087c18d29
6380,087c398e4
6381,087c5e608
6382,087c9b315
6383,087cd3903
6384,087cf4c50
6385,087d32560
6386,087d453d1
6387,087d58ae5
6388,087d6e614
6389,087d70ab2
6390,087dab023
6391,087de0f52
6392,087df431e
6393,087e77c6c
6394,087eb8eb8
6395,087edc22a
6396,087ee8041
6397,087faeadb
6398,087fb1a8b
6399,0880b7f8b
6400,0880d81a3
6401,0881a08ca
6402,0881fe9bd
6403,08825d6e9
6404,08828b901
6405,088324f04
6406,0883c0a65
6407,0883fe810
6408,088423546
6409,0884a8c44
6410,0884c6815
6411,0884ca333
6412,088548f4f
6413,08855c37b
6414,08859bdb7
6415,0885c1026
6416,088607b7f
6417,08862e95a
6418,0886f3151
6419,088726a83
6420,088845ba3
6421,08887e824
6422,088889e42
6423,0888f7e9f
6424,08890884a
6425,08890eb02
6426,08892eff3
6427,088930962
6428,08894fa0e
6429,0889d2cb8
6430,0889ec6af
6431,088a10141
6432,088ad583f
6433,088b11c45
6434,088b12fa8
6435,088b1b548
6436,088d82728
6437,088dc4be0
6438,088e02553
6439,088e45f53
6440,088e9fbc9
6441,088f68426
6442,08900a0bf
6443,08900b915
6444,08901783c
6445,0890bf2d2
6446,0890d010b
6447,0890f05fd
6448,0891f4ee1
6449,0892071d4
6450,08922b44c
6451,08925423a
6452,089258e14
6453,0892c5f35
6454,0892fd8f2
6455,08937ca29
6456,08939f306
6457,0893e17a8
6458,0894342c6
6459,0894a6c89
6460,08953f783
6461,0895a1830
6462,08960d638
6463,08961b785
6464,08978e36b
6465,0898427ea
6466,089858a56
6467,08994bb52
6468,0899545f5
6469,0899b7bbd
6470,089a6567c
6471,089b19f7a
6472,089b551df
6473,089bca7bb
6474,089bd7fa2
6475,089c72b92
6476,089d07f0e
6477,089d0a2cc
6478,089dda48f
6479,089e1d55c
6480,089e2a89e
6481,089e5b40a
6482,089ed9a5c
6483,089ee7570
6484,089f06e74
6485,089f21dd9
6486,089f3205c
6487,089f4e8e3
6488,089fac5f0
6489,089fec54e
6490,08a052ed7
6491,08a0588fc
6492,08a0a3956
6493,08a0c005d
6494,08a16f709
6495,08a18ae87
6496,08a1c5e9e
6497,08a1d60a4
6498,08a2037bc
6499,08a33188e
6500,08a38c0af
6501,08a39500f
6502,08a457d3b
6503,08a49a2ba
6504,08a5522d4
6505,08a582797
6506,08a609b03
6507,08a66af7a
6508,08a6b2367
6509,08a7304d3
6510,08a75964c
6511,08a7c131f
6512,08a84b7fc
6513,08a878518
6514,08a8e61d4
6515,08a94ef23
6516,08a9596cc
6517,08a9cecb0
6518,08a9ee7c8
6519,08aa37e54
6520,08ab13f75
6521,08ac1921f
6522,08ac2b250
6523,08ac49749
6524,08acd9556
6525,08adcffd7
6526,08ae428bb
6527,08ae99a68
6528,08aea3401
6529,08aeb9ca8
6530,08af1d1e9
6531,08af97b8f
6532,08afaed62
6533,08b0db521
6534,08b0f8aca
6535,08b142f00
6536,08b18a7e7
6537,08b1deae0
6538,08b1e23c6
6539,08b254447
6540,08b2639b6
6541,08b2a5316
6542,08b2ea267
6543,08b2f1fb6
6544,08b309419
6545,08b400622
6546,08b4044f8
6547,08b45a8b7
6548,08b46ad1f
6549,08b4b305a
6550,08b4ce20c
6551,08b4da7ef
6552,08b506796
